date,open,high,close,low,volume,price_change,p_change,ma5,ma10,ma20,v_ma5,v_ma10,v_ma20,turnover
2023-07-21,11.31,11.39,11.34,11.28,377102.56,0.02,0.18,11.306,11.307,11.296,478735.36,603982.85,577743.68,0.19
2023-07-20,11.33,11.44,11.32,11.29,554069.56,0.01,0.09,11.33,11.293,11.296,547144.24,614716.68,589717.7,0.29
2023-07-19,11.23,11.32,11.31,11.23,382195.97,0.06,0.53,11.352,11.285,11.298,661176.28,619019.32,589241.76,0.2
2023-07-18,11.29,11.32,11.25,11.22,471966.16,-0.06,-0.53,11.338,11.288,11.305,731953.82,623147.96,617831.81,0.24
2023-07-17,11.41,11.41,11.31,11.26,608342.56,-0.15,-1.31,11.33,11.303,11.324,751722.4,637581.4,636335.19,0.31
2023-07-14,11.43,11.55,11.46,11.4,719146.94,0.03,0.26,11.308,11.321,11.339,729230.34,665256.22,652183.09,0.37
2023-07-13,11.32,11.47,11.43,11.27,1124229.75,0.19,1.69,11.256,11.298,11.34,682289.12,645246.78,669685.74,0.58
2023-07-12,11.23,11.36,11.24,11.22,736083.69,0.03,0.27,11.218,11.273,11.357,576862.36,581414.44,655973.66,0.38
2023-07-11,11.22,11.26,11.21,11.19,570809.06,0.01,0.09,11.238,11.279,11.384,514342.11,544345.72,657106.83,0.29
2023-07-10,11.25,11.28,11.2,11.17,495882.28,0.0,0.0,11.276,11.286,11.418,523440.41,533434.98,694330.61,0.26
2023-07-07,11.2,11.27,11.2,11.18,484440.84,-0.04,-0.36,11.334,11.284,11.464,601282.1,551504.5,713006.35,0.25
2023-07-06,11.3,11.34,11.24,11.21,597095.94,-0.1,-0.88,11.34,11.299,11.501,608204.44,564718.71,720969.2,0.31
2023-07-05,11.36,11.4,11.34,11.3,423482.41,-0.06,-0.53,11.328,11.311,11.531,585966.52,559464.2,732778.08,0.22
2023-07-04,11.46,11.49,11.4,11.32,616300.56,-0.09,-0.78,11.32,11.322,11.559,574349.32,612515.66,737696.27,0.32
2023-07-03,11.24,11.53,11.49,11.23,885090.75,0.26,2.31,11.296,11.345,11.586,543429.56,635088.98,767973.36,0.46
2023-06-30,11.18,11.31,11.23,11.15,519052.56,0.05,0.45,11.234,11.357,11.591,501726.9,639109.96,760869.97,0.27
2023-06-29,11.29,11.29,11.18,11.17,485906.31,-0.12,-1.06,11.258,11.381,11.609,521232.98,694124.7,793896.68,0.25
2023-06-28,11.28,11.33,11.3,11.22,365396.44,0.02,0.18,11.294,11.44,11.644,532961.88,730532.88,807801.21,0.19
2023-06-27,11.2,11.32,11.28,11.17,461701.75,0.1,0.89,11.324,11.489,11.678,650682.0,769867.94,817835.08,0.24
2023-06-26,11.3,11.3,11.18,11.15,676577.44,-0.17,-1.5,11.394,11.549,11.719,726748.39,855226.24,820321.42,0.35
2023-06-21,11.36,11.48,11.35,11.34,616582.94,-0.01,-0.09,11.48,11.643,11.756,776493.01,874508.21,830629.77,0.32
2023-06-20,11.44,11.46,11.36,11.35,544550.81,-0.09,-0.79,11.504,11.702,11.789,867016.42,877219.69,841013.17,0.28
2023-06-19,11.63,11.63,11.45,11.41,953997.06,-0.18,-1.55,11.586,11.75,11.832,928103.87,906091.96,848503.84,0.49
2023-06-16,11.61,11.67,11.63,11.57,842033.69,0.02,0.17,11.654,11.796,11.878,889053.87,862876.87,828270.38,0.43
2023-06-15,11.49,11.63,11.61,11.39,925300.56,0.14,1.22,11.704,11.826,11.914,983704.09,900857.75,820589.38,0.48
2023-06-14,11.55,11.73,11.47,11.46,1069200.0,-0.02,-0.17,11.806,11.824,11.958,972523.4,882629.99,808683.69,0.55
2023-06-13,11.76,11.84,11.77,11.69,849988.06,-0.02,-0.17,11.9,11.837,12.009,887422.96,893668.66,792954.75,0.44
2023-06-12,11.82,11.9,11.79,11.76,758747.06,-0.09,-0.76,11.914,11.847,12.051,884080.04,885069.55,800370.43,0.39
2023-06-09,12.06,12.09,11.88,11.85,1315284.75,-0.24,-1.98,11.938,11.866,12.103,836699.86,865802.23,808849.36,0.68
2023-06-08,11.96,12.2,12.12,11.86,869397.12,0.18,1.51,11.948,11.888,12.14,818011.41,785416.61,787365.31,0.45
2023-06-07,11.89,12.07,11.94,11.88,643697.81,0.1,0.84,11.842,11.869,12.177,792736.58,786751.33,789083.37,0.33
2023-06-06,11.91,12.09,11.84,11.82,833273.44,-0.07,-0.59,11.774,11.876,12.222,899914.36,804806.64,818751.15,0.43
2023-06-05,11.88,12.0,11.91,11.82,521846.19,-0.02,-0.17,11.78,11.913,12.288,886059.06,790915.73,898214.2,0.27
2023-06-02,11.68,11.97,11.93,11.64,1221842.5,0.34,2.93,11.794,11.96,12.358,894904.59,793663.89,1003657.82,0.63
2023-06-01,11.6,11.68,11.59,11.5,743022.94,-0.01,-0.09,11.828,12.001,12.407,752821.81,740321.01,1030675.13,0.38
2023-05-31,11.82,11.84,11.6,11.58,1179586.75,-0.27,-2.27,11.896,12.091,12.464,780766.09,734737.4,1067437.2,0.61
2023-05-30,11.98,11.99,11.87,11.8,763996.94,-0.11,-0.92,11.978,12.18,12.512,709698.91,692240.84,1080720.58,0.39
2023-05-29,12.11,12.13,11.98,11.95,566073.81,-0.12,-0.99,12.046,12.255,12.531,695772.39,715671.32,1092725.4,0.29
2023-05-26,11.93,12.13,12.1,11.84,511428.62,0.17,1.43,12.126,12.34,12.538,692423.19,751896.5,1113984.73,0.26
2023-05-25,11.99,12.0,11.93,11.81,882744.31,-0.08,-0.67,12.174,12.392,12.547,727820.2,789314.01,1153508.34,0.45
2023-05-24,12.2,12.21,12.01,12.01,824250.88,-0.2,-1.64,12.286,12.484,12.556,688708.71,791415.41,1182754.72,0.42
2023-05-23,12.38,12.41,12.21,12.21,694364.31,-0.17,-1.37,12.382,12.567,12.58,674782.78,832695.66,1187475.6,0.36
2023-05-22,12.31,12.45,12.38,12.31,549327.81,0.04,0.32,12.464,12.662,12.607,735570.25,1005512.68,1193346.8,0.28
2023-05-19,12.43,12.44,12.34,12.32,688413.69,-0.15,-1.2,12.554,12.756,12.631,811369.81,1213651.75,1216599.32,0.35
2023-05-18,12.57,12.64,12.49,12.43,687186.88,0.0,0.0,12.61,12.813,12.664,850807.81,1321029.25,1259125.44,0.35
2023-05-17,12.58,12.64,12.49,12.44,754621.19,-0.13,-1.03,12.682,12.837,12.686,894122.11,1400137.0,1289976.72,0.39
2023-05-16,12.8,12.92,12.62,12.57,998301.69,-0.21,-1.64,12.752,12.843,12.696,990608.55,1469200.31,1317145.41,0.51
2023-05-15,12.68,12.85,12.83,12.45,928325.62,0.21,1.66,12.86,12.807,12.693,1275455.11,1469779.48,1323809.9,0.48
2023-05-12,12.82,12.87,12.62,12.61,885603.69,-0.23,-1.79,12.958,12.736,12.675,1615933.69,1476072.96,1322891.47,0.46
2023-05-11,12.95,13.12,12.85,12.8,903758.38,0.01,0.08,13.016,12.702,12.671,1791250.68,1517702.67,1317500.26,0.47
2023-05-10,13.17,13.26,12.84,12.8,1237053.38,-0.32,-2.43,12.992,12.627,12.663,1906151.88,1574094.03,1304321.44,0.64
2023-05-09,13.4,13.6,13.16,13.13,2422534.5,-0.16,-1.2,12.934,12.593,12.652,1947792.08,1542255.53,1272865.03,1.25
2023-05-08,12.94,13.49,13.32,12.84,2630718.5,0.41,3.18,12.754,12.552,12.623,1664103.85,1381180.92,1179904.37,1.36
2023-05-05,12.78,13.11,12.91,12.75,1762188.62,0.18,1.41,12.514,12.505,12.589,1336212.23,1219546.88,1080741.3,0.91
2023-05-04,12.4,12.83,12.73,12.19,1478264.38,0.18,1.43,12.388,12.514,12.577,1244154.65,1197221.63,1029653.31,0.76
2023-04-28,12.26,12.78,12.55,12.22,1445254.38,0.29,2.37,12.262,12.534,12.567,1242036.18,1179816.45,999014.68,0.74
2023-04-27,12.06,12.35,12.26,12.0,1004093.38,0.14,1.16,12.252,12.548,12.574,1136718.98,1165090.5,967979.27,0.52
2023-04-26,12.25,12.25,12.12,11.99,991260.38,-0.16,-1.3,12.35,12.578,12.587,1098257.98,1177840.31,947577.82,0.51
2023-04-25,12.14,12.37,12.28,12.12,1301900.75,0.18,1.49,12.496,12.614,12.613,1102881.54,1169709.98,931708.22,0.67
2023-04-24,12.48,12.5,12.1,12.03,1467672.0,-0.4,-3.2,12.64,12.64,12.629,1150288.61,1117297.86,917034.29,0.76
2023-04-21,12.7,12.83,12.5,12.48,918668.38,-0.25,-1.96,12.806,12.698,12.665,1117596.71,1034548.84,874726.63,0.47
2023-04-20,12.9,12.9,12.75,12.62,811788.38,-0.1,-0.78,12.844,12.71,12.685,1193462.01,1003474.53,869008.51,0.42
2023-04-19,13.02,13.07,12.85,12.83,1014378.19,-0.15,-1.15,12.806,12.693,12.687,1257422.64,978627.82,872253.63,0.52
2023-04-18,12.93,13.2,13.0,12.89,1538936.12,0.07,0.54,12.732,12.673,12.68,1236538.41,941935.72,863571.88,0.79
2023-04-17,12.66,12.94,12.93,12.6,1304212.5,0.24,1.89,12.64,12.64,12.658,1084307.11,862084.99,846065.9,0.67
2023-04-14,12.6,12.9,12.69,12.58,1297994.88,0.13,1.03,12.59,12.6,12.649,951500.97,818212.91,858695.98,0.67
2023-04-13,12.41,12.67,12.56,12.3,1131591.5,0.08,0.64,12.576,12.599,12.656,813487.05,770868.05,839635.86,0.58
2023-04-12,12.58,12.59,12.48,12.45,909957.06,-0.06,-0.48,12.58,12.596,12.68,699833.0,717315.33,832024.47,0.47
2023-04-11,12.7,12.72,12.54,12.52,777779.62,-0.14,-1.1,12.614,12.612,12.7,647333.02,693706.46,843980.4,0.4
2023-04-10,12.64,12.7,12.68,12.58,640181.81,0.06,0.47,12.64,12.618,12.725,639862.88,716770.72,855123.16,0.33
2023-04-07,12.57,12.69,12.62,12.5,607925.25,0.04,0.32,12.61,12.632,12.748,684924.85,714904.41,865963.88,0.31
2023-04-06,12.6,12.61,12.58,12.5,563321.25,-0.07,-0.55,12.622,12.66,12.777,728249.05,734542.5,922370.85,0.29
2023-04-04,12.64,12.72,12.65,12.59,647457.19,-0.02,-0.16,12.612,12.681,12.825,734797.66,765879.45,949049.68,0.33
2023-04-03,12.55,12.69,12.67,12.46,740428.88,0.14,1.12,12.61,12.686,12.877,740079.9,785208.05,980640.14,0.38
2023-03-31,12.69,12.77,12.53,12.51,865491.69,-0.15,-1.18,12.596,12.676,12.936,793678.56,830046.8,1016409.9,0.45
2023-03-30,12.55,12.71,12.68,12.41,824546.25,0.15,1.2,12.654,12.698,13.024,744883.98,899179.04,1007683.04,0.42
2023-03-29,12.73,12.74,12.53,12.5,596064.31,-0.11,-0.87,12.698,12.712,13.102,740835.94,908403.67,1017249.57,0.31
2023-03-28,12.66,12.73,12.64,12.55,673868.38,0.04,0.32,12.75,12.764,13.184,796961.24,946733.61,1048618.94,0.35
2023-03-27,12.8,12.81,12.6,12.46,1008422.19,-0.22,-1.72,12.762,12.787,13.241,830336.2,994254.33,1045322.32,0.52
2023-03-24,12.85,12.86,12.82,12.76,621518.75,-0.08,-0.62,12.756,12.832,13.295,866415.04,993475.61,1025974.3,0.32
2023-03-23,12.7,12.9,12.9,12.63,804306.06,0.11,0.86,12.742,12.864,13.347,1053474.11,1017023.34,1031397.82,0.41
2023-03-22,12.75,12.88,12.79,12.71,876690.81,0.09,0.71,12.726,12.894,13.405,1075971.4,1110199.21,1032407.05,0.45
2023-03-21,12.65,12.78,12.7,12.5,840743.19,0.13,1.03,12.778,12.968,13.466,1096505.98,1132219.91,1020518.63,0.43
2023-03-20,12.76,12.85,12.57,12.55,1188816.38,-0.18,-1.41,12.812,13.067,13.536,1158172.46,1176072.23,1028006.22,0.61
2023-03-17,12.99,13.04,12.75,12.65,1556814.12,-0.07,-0.55,12.908,13.195,13.615,1120536.17,1202773.01,1074374.96,0.8
2023-03-16,12.89,13.03,12.82,12.8,916792.5,-0.23,-1.76,12.986,13.349,13.649,980572.56,1116187.03,1042452.44,0.47
2023-03-15,13.05,13.18,13.05,12.94,979363.69,0.18,1.4,13.062,13.491,13.688,1144427.01,1126095.46,1060568.98,0.5
2023-03-14,12.99,13.0,12.87,12.73,1149075.62,-0.18,-1.38,13.158,13.603,13.719,1167933.85,1150504.27,1074112.99,0.59
2023-03-13,13.12,13.29,13.05,13.0,1000634.94,-0.09,-0.69,13.322,13.694,13.774,1193972.0,1096390.3,1062156.07,0.52
2023-03-10,13.0,13.27,13.14,13.0,856996.06,-0.06,-0.46,13.482,13.758,13.812,1285009.84,1058473.0,1102127.03,0.44
2023-03-09,13.54,13.58,13.2,13.13,1736064.75,-0.33,-2.44,13.712,13.83,13.854,1251801.5,1045772.3,1101641.41,0.89
2023-03-08,13.63,13.64,13.53,13.4,1096897.88,-0.16,-1.17,13.92,13.915,13.901,1107763.91,954614.9,1056355.67,0.57
2023-03-07,13.85,14.1,13.69,13.65,1279266.38,-0.16,-1.16,14.048,13.964,13.926,1133074.69,908817.35,1034405.41,0.66
2023-03-06,14.3,14.3,13.85,13.72,1455824.12,-0.44,-3.08,14.066,14.005,13.952,998808.6,879940.21,1013915.11,0.75
2023-03-03,14.35,14.37,14.29,14.14,690954.38,0.05,0.35,14.034,14.035,13.96,831936.16,945976.92,1007004.41,0.36
2023-03-02,14.13,14.44,14.24,14.06,1015876.81,0.07,0.49,13.948,13.949,13.961,839743.1,968717.85,1034775.84,0.52
2023-03-01,13.8,14.19,14.17,13.74,1223451.75,0.39,2.83,13.91,13.885,13.979,801465.89,995042.5,1062877.02,0.63
2023-02-28,13.75,13.85,13.78,13.61,607935.94,0.09,0.66,13.88,13.835,14.006,684560.01,997721.72,1084375.51,0.31
2023-02-27,13.75,13.88,13.69,13.68,621461.94,-0.17,-1.23,13.944,13.853,14.066,761071.81,1027921.84,1105503.6,0.32
2023-02-24,14.02,14.03,13.86,13.8,729989.06,-0.19,-1.35,14.036,13.866,14.139,1060017.68,1145781.06,1143146.38,0.38
2023-02-23,14.0,14.32,14.05,13.98,824490.75,0.03,0.21,13.95,13.878,14.203,1097692.6,1157510.52,1137076.43,0.42
2023-02-22,14.0,14.12,14.02,13.94,638922.38,-0.08,-0.57,13.86,13.886,14.255,1188619.1,1158096.44,1127945.65,0.33
2023-02-21,14.06,14.2,14.1,13.92,990494.94,-0.05,-0.35,13.79,13.888,14.309,1310883.43,1159993.46,1131921.23,0.51
2023-02-20,13.5,14.15,14.15,13.49,2116191.25,0.72,5.36,13.762,13.899,14.353,1294771.86,1147890.02,1129188.22,1.09
2023-02-17,13.63,13.72,13.43,13.43,918363.69,-0.17,-1.25,13.696,13.884,14.399,1231544.44,1068031.91,1101380.65,0.47
2023-02-16,13.68,13.91,13.6,13.5,1279123.25,-0.07,-0.51,13.806,13.973,14.475,1217328.44,1100833.84,1102916.75,0.66
2023-02-15,13.95,13.96,13.67,13.62,1250244.0,-0.29,-2.08,13.912,14.073,14.529,1127573.79,1130711.55,1070245.33,0.64
2023-02-14,13.85,13.98,13.96,13.8,909937.12,0.14,1.01,13.986,14.176,14.579,1009103.5,1171029.3,1049261.43,0.47
2023-02-13,13.94,13.94,13.82,13.6,1800054.12,-0.16,-1.14,14.036,14.279,14.603,1001008.17,1183085.37,1067235.75,0.93
2023-02-10,14.1,14.12,13.98,13.86,847283.69,-0.15,-1.06,14.072,14.412,14.652,904519.37,1140511.71,1030116.0,0.44
2023-02-09,14.01,14.3,14.13,13.96,830350.0,0.09,0.64,14.14,14.527,14.684,984339.24,1116642.34,1047539.05,0.43
2023-02-08,14.24,14.32,14.04,14.03,657892.56,-0.17,-1.2,14.234,14.623,14.701,1133849.31,1097794.86,1089292.81,0.34
2023-02-07,14.06,14.32,14.21,14.03,869460.5,0.21,1.5,14.366,14.73,14.715,1332955.1,1103849.01,1165882.3,0.45
2023-02-06,14.1,14.13,14.0,13.86,1317610.12,-0.32,-2.23,14.522,14.806,14.693,1365162.56,1110486.41,1232115.68,0.68
2023-02-03,14.45,14.55,14.32,14.16,1246383.0,-0.28,-1.92,14.752,14.914,14.651,1376504.04,1134729.39,1207136.97,0.64
2023-02-02,14.74,14.78,14.6,14.27,1577900.38,-0.1,-0.68,14.914,14.977,14.587,1248945.45,1104999.67,1178162.32,0.81
2023-02-01,15.03,15.08,14.7,14.51,1653421.5,-0.29,-1.94,15.012,14.984,14.514,1061740.41,1009779.11,1138826.91,0.85
2023-01-31,15.24,15.51,14.99,14.96,1030497.81,-0.16,-1.06,15.094,14.981,14.434,874742.91,927493.57,1100456.04,0.53
2023-01-30,15.6,15.74,15.15,14.89,1374317.5,0.02,0.13,15.09,14.926,14.323,855810.26,951386.13,1088787.14,0.71
2023-01-20,15.16,15.24,15.13,15.0,608590.06,0.04,0.27,15.076,14.891,14.215,892954.74,919720.29,1048292.58,0.31
2023-01-19,15.13,15.25,15.09,14.87,641875.19,-0.02,-0.13,15.04,14.84,14.106,961053.89,978435.76,1051482.8,0.33
2023-01-18,14.95,15.18,15.11,14.91,718434.0,0.14,0.94,14.956,14.779,13.996,957817.81,1080790.75,1050118.52,0.37
2023-01-17,15.13,15.18,14.97,14.77,935834.56,-0.11,-0.73,14.868,14.7,13.878,980244.22,1227915.6,1059007.43,0.48
2023-01-16,14.95,15.28,15.08,14.85,1560039.88,0.13,0.87,14.762,14.58,13.782,1046961.99,1353744.94,1063759.01,0.8
2023-01-13,14.67,14.95,14.95,14.55,949085.81,0.28,1.91,14.706,14.388,13.695,946485.84,1279544.56,1031969.6,0.49
2023-01-12,14.77,14.77,14.67,14.53,625694.81,0.0,0.0,14.64,14.196,13.602,995817.62,1251324.98,1026282.77,0.32
2023-01-11,14.45,14.78,14.67,14.39,830566.06,0.23,1.59,14.602,14.043,13.53,1203763.69,1267874.7,1043701.08,0.43
2023-01-10,14.76,14.89,14.44,14.39,1269423.38,-0.36,-2.43,14.532,13.887,13.459,1475586.97,1273418.51,1047287.04,0.65
2023-01-09,14.75,14.88,14.8,14.52,1057659.12,0.18,1.23,14.398,13.72,13.392,1660527.9,1226188.16,1053445.09,0.55
2023-01-06,14.5,14.72,14.62,14.48,1195744.75,0.14,0.97,14.07,13.538,13.337,1612603.27,1176864.88,1081353.73,0.62
2023-01-05,14.4,14.74,14.48,14.37,1665425.12,0.16,1.12,13.752,13.371,13.274,1506832.34,1124529.84,1074852.63,0.86
2023-01-04,13.71,14.42,14.32,13.63,2189682.5,0.55,3.99,13.484,13.212,13.208,1331985.71,1019446.29,1060450.22,1.13
2023-01-03,13.2,13.85,13.77,13.05,2194128.0,0.61,4.63,13.242,13.056,13.163,1071250.05,890099.26,1013595.04,1.13
2022-12-30,13.04,13.28,13.16,12.96,818036.0,0.13,1.0,13.042,12.983,13.151,791848.41,773773.07,1018270.01,0.42
2022-12-29,13.07,13.13,13.03,12.85,666890.06,-0.11,-0.84,13.006,13.001,13.138,741126.49,784394.64,1047578.34,0.34
2022-12-28,13.16,13.38,13.14,13.0,791192.0,0.03,0.23,12.99,13.008,13.142,742227.34,801240.56,1114368.28,0.41
2022-12-27,12.87,13.22,13.11,12.87,886004.19,0.34,2.66,12.94,13.017,13.136,706906.86,819527.47,1235290.09,0.46
2022-12-26,12.99,13.04,12.77,12.71,797119.81,-0.21,-1.62,12.87,13.03,13.13,708948.47,821155.56,1428453.71,0.41
2022-12-23,12.85,13.06,12.98,12.8,564426.38,0.03,0.23,12.924,13.064,13.082,755697.72,880702.02,1455175.87,0.29
2022-12-22,13.0,13.15,12.95,12.9,672394.31,0.06,0.47,12.996,13.136,13.042,827662.79,985842.58,1514990.95,0.35
2022-12-21,12.85,12.99,12.89,12.74,614589.62,0.13,1.02,13.026,13.177,12.983,860253.77,1025175.42,1521207.18,0.32
2022-12-20,12.97,13.08,12.76,12.67,896212.25,-0.28,-2.15,13.094,13.203,12.929,932148.07,1101454.16,1552860.52,0.46
2022-12-19,13.33,13.47,13.04,12.95,1030866.06,-0.3,-2.25,13.19,13.27,12.882,933362.65,1137090.83,1582616.1,0.53
2022-12-16,13.02,13.4,13.34,13.02,924251.69,0.24,1.83,13.204,13.319,12.803,1005706.31,1262766.94,1583459.65,0.48
2022-12-15,13.14,13.28,13.1,12.94,835349.25,-0.13,-0.98,13.276,13.275,12.716,1144022.37,1310762.05,1580651.73,0.43
2022-12-14,13.23,13.4,13.23,13.08,974061.12,-0.01,-0.08,13.328,13.275,12.645,1190097.07,1427496.0,1593436.63,0.5
2022-12-13,13.15,13.36,13.24,13.14,902285.12,0.13,0.99,13.312,13.255,12.575,1270760.25,1651052.71,1608668.22,0.46
2022-12-12,13.58,13.58,13.11,13.06,1392584.38,-0.59,-4.31,13.35,13.23,12.513,1340819.0,2035751.85,1642249.03,0.72
2022-12-09,13.4,13.75,13.7,13.35,1615832.0,0.34,2.54,13.434,13.1,12.455,1519827.58,2029649.71,1766224.02,0.83
2022-12-08,13.15,13.52,13.36,13.12,1065722.75,0.21,1.6,13.274,12.947,12.342,1477501.73,2044139.33,1812685.94,0.55
2022-12-07,13.33,13.37,13.15,13.03,1377377.0,-0.28,-2.08,13.222,12.788,12.217,1664894.93,2017238.93,1787000.87,0.71
2022-12-06,13.34,13.66,13.43,13.25,1252578.88,-0.1,-0.74,13.198,12.655,12.104,2031345.18,2004266.88,1759737.36,0.65
2022-12-05,13.09,13.57,13.53,13.01,2287627.25,0.63,4.88,13.11,12.494,11.975,2730684.7,2028141.38,1726269.52,1.18
2022-12-02,13.14,13.15,12.9,12.69,1404202.75,-0.2,-1.53,12.766,12.287,11.843,2539471.85,1904152.36,1661292.26,0.72
2022-12-01,13.38,13.66,13.1,13.07,2002688.75,0.07,0.54,12.62,12.156,11.739,2610776.92,1850541.41,1679887.73,1.03
2022-11-30,12.9,13.34,13.03,12.82,3209628.25,0.04,0.31,12.354,12.015,11.606,2369582.94,1759377.26,1628930.07,1.65
2022-11-29,12.16,12.99,12.99,12.13,4749276.5,1.18,9.99,12.112,11.894,11.486,1977188.59,1566283.73,1533598.07,2.45
2022-11-28,11.9,11.92,11.81,11.69,1331563.0,-0.36,-2.96,11.878,11.796,11.37,1325598.06,1248746.2,1365195.95,0.69
2022-11-25,11.79,12.23,12.17,11.77,1760728.12,0.4,3.4,11.808,11.81,11.296,1268832.87,1502798.33,1347772.58,0.91
2022-11-24,11.92,11.99,11.77,11.69,796718.81,-0.05,-0.42,11.692,11.736,11.209,1090305.9,1581232.56,1312633.52,0.41
2022-11-23,11.78,12.05,11.82,11.72,1247656.5,0.0,0.0,11.676,11.646,11.154,1149171.59,1556762.8,1320666.76,0.64
2022-11-22,11.46,11.93,11.82,11.44,1491323.88,0.36,3.14,11.676,11.553,11.096,1155378.86,1515207.84,1315475.43,0.77
2022-11-21,11.48,11.5,11.46,11.22,1047737.06,-0.13,-1.12,11.714,11.456,11.038,1171894.34,1424397.66,1306758.2,0.54
2022-11-18,11.74,11.78,11.59,11.57,868093.25,-0.1,-0.85,11.812,11.398,10.996,1736763.78,1418432.16,1323540.88,0.45
2022-11-17,11.81,11.84,11.69,11.58,1091047.25,-0.13,-1.1,11.78,11.321,10.971,2072159.23,1509234.04,1319414.94,0.56
2022-11-16,11.97,12.05,11.82,11.79,1278692.88,-0.19,-1.58,11.616,11.196,10.946,1964354.01,1498482.88,1303958.73,0.66
2022-11-15,11.86,12.18,12.01,11.83,1573901.25,0.06,0.5,11.43,11.077,10.92,1875036.81,1500912.41,1286223.58,0.81
2022-11-14,11.7,12.28,11.95,11.7,3872084.25,0.52,4.55,11.198,10.943,10.893,1676900.98,1481645.69,1254870.37,2.0
2022-11-11,11.13,11.66,11.43,11.01,2545070.5,0.56,5.15,10.984,10.782,10.87,1100100.54,1192746.84,1112507.29,1.31
2022-11-10,10.79,10.9,10.87,10.69,552021.19,-0.02,-0.18,10.862,10.681,10.875,946308.86,1044034.49,1040056.85,0.28
2022-11-09,10.84,11.08,10.89,10.82,832106.88,0.04,0.37,10.776,10.662,10.898,1032611.75,1084570.71,1055086.59,0.43
2022-11-08,10.89,10.92,10.85,10.78,583222.06,-0.03,-0.28,10.724,10.639,10.934,1126788.0,1115743.01,1041459.87,0.3
2022-11-07,10.81,10.91,10.88,10.73,988082.06,0.06,0.56,10.688,10.619,10.965,1286390.41,1189118.74,1033061.43,0.51
2022-11-04,10.4,10.85,10.82,10.39,1776112.12,0.38,3.64,10.58,10.593,10.995,1285393.13,1228649.61,1031961.34,0.92
2022-11-03,10.54,10.57,10.44,10.38,983535.62,-0.19,-1.79,10.5,10.62,11.046,1141760.11,1129595.83,970017.24,0.51
2022-11-02,10.61,10.68,10.63,10.48,1302988.12,-0.04,-0.38,10.548,10.696,11.117,1136529.67,1109434.59,966726.37,0.67
2022-11-01,10.38,10.68,10.67,10.36,1381234.12,0.33,3.19,10.554,10.762,11.191,1104698.03,1071534.75,940623.24,0.71
2022-10-31,10.33,10.45,10.34,10.22,983095.69,-0.08,-0.77,10.55,10.843,11.265,1091847.08,1028095.05,911042.65,0.51
2022-10-28,10.63,10.7,10.42,10.41,1057947.0,-0.26,-2.43,10.606,10.957,11.348,1171906.09,1032267.75,907074.32,0.55
2022-10-27,10.7,10.77,10.68,10.66,957383.44,0.02,0.19,10.74,11.068,11.441,1117431.55,1036079.21,883499.02,0.49
2022-10-26,10.64,10.73,10.66,10.61,1143829.88,0.01,0.09,10.844,11.134,11.522,1082339.5,1025602.47,864936.52,0.59
2022-10-25,10.7,10.81,10.65,10.6,1316979.38,0.03,0.28,10.97,11.228,11.61,1038371.46,967176.73,841954.89,0.68
2022-10-24,11.09,11.1,10.62,10.61,1383390.75,-0.47,-4.24,11.136,11.311,11.695,964343.01,877004.13,820605.35,0.71
2022-10-21,11.21,11.25,11.09,11.07,785574.31,-0.11,-0.98,11.308,11.396,11.792,892629.41,835273.07,783041.87,0.4
2022-10-20,11.23,11.31,11.2,11.16,781923.19,-0.09,-0.8,11.396,11.471,11.866,954726.87,810438.66,811635.55,0.4
2022-10-19,11.42,11.49,11.29,11.28,923989.69,-0.19,-1.66,11.424,11.537,11.956,968865.44,824018.14,864590.28,0.48
2022-10-18,11.55,11.64,11.48,11.46,946837.12,0.0,0.0,11.486,11.619,12.028,895981.99,809711.74,861292.59,0.49
2022-10-17,11.42,11.52,11.48,11.34,1024822.75,-0.05,-0.43,11.486,11.686,12.101,789665.24,793990.26,900085.23,0.53
2022-10-14,11.45,11.63,11.53,11.4,1096061.62,0.19,1.68,11.484,11.738,12.163,777916.73,781880.89,946408.95,0.56
2022-10-13,11.51,11.54,11.34,11.31,852616.0,-0.26,-2.24,11.546,11.814,12.205,666150.44,730918.83,922661.72,0.44
2022-10-12,11.45,11.62,11.6,11.35,559572.44,0.12,1.04,11.65,11.909,12.254,679170.85,704270.57,929021.56,0.29
2022-10-11,11.54,11.58,11.48,11.41,415253.38,0.01,0.09,11.752,11.992,12.299,723441.49,716733.06,937607.68,0.21
2022-10-10,11.7,11.77,11.47,11.46,966080.19,-0.37,-3.12,11.886,12.078,12.354,798315.27,764206.58,948447.01,0.5
2022-09-30,11.87,11.96,11.84,11.83,537230.19,-0.02,-0.17,11.992,12.188,12.406,785845.05,730810.67,939461.14,0.28
2022-09-29,12.25,12.28,11.86,11.82,917718.06,-0.25,-2.06,12.082,12.26,12.444,795687.22,812832.44,955698.73,0.47
2022-09-28,12.09,12.25,12.11,11.92,780925.62,-0.04,-0.33,12.168,12.374,12.489,729370.29,905162.42,992464.91,0.4
2022-09-27,12.0,12.16,12.15,11.81,789622.31,0.15,1.25,12.232,12.436,12.507,710024.64,912873.44,993404.25,0.41
2022-09-26,12.16,12.28,12.0,11.99,903729.06,-0.29,-2.36,12.27,12.516,12.521,730097.89,1006180.2,1000147.66,0.47
2022-09-23,12.24,12.43,12.29,12.23,586441.06,0.0,0.0,12.384,12.588,12.551,675776.29,1110937.01,1001342.92,0.3
2022-09-22,12.33,12.36,12.29,12.25,586133.38,-0.14,-1.13,12.438,12.595,12.568,829977.65,1114404.6,1025221.4,0.3
2022-09-21,12.31,12.48,12.43,12.2,684197.38,0.09,0.73,12.58,12.599,12.573,1080954.55,1153772.55,1060683.5,0.35
2022-09-20,12.61,12.63,12.34,12.32,889988.56,-0.23,-1.83,12.64,12.606,12.569,1115722.24,1158482.3,1072546.78,0.46
2022-09-19,12.54,12.67,12.57,12.48,632121.06,0.01,0.08,12.762,12.629,12.577,1282262.5,1132687.45,1084951.18,0.33
2022-09-16,12.92,12.95,12.56,12.56,1357447.88,-0.44,-3.38,12.792,12.623,12.577,1546097.74,1148111.62,1158665.99,0.7
2022-09-15,12.8,13.1,13.0,12.77,1841017.88,0.27,2.12,12.752,12.628,12.561,1398831.55,1098565.03,1154278.65,0.95
2022-09-14,12.75,12.87,12.73,12.7,858035.81,-0.22,-1.7,12.618,12.603,12.531,1226590.54,1079767.4,1129653.08,0.44
2022-09-13,12.88,13.02,12.95,12.66,1722689.88,0.23,1.81,12.572,12.578,12.501,1201242.36,1073935.06,1118312.47,0.89
2022-09-09,12.4,12.74,12.72,12.36,1951297.25,0.36,2.91,12.496,12.525,12.459,983112.39,994115.13,1090778.48,1.01
2022-09-08,12.32,12.44,12.36,12.3,621116.94,0.03,0.24,12.454,12.514,12.442,750125.5,891748.83,1034238.79,0.32
2022-09-07,12.42,12.42,12.33,12.28,979812.81,-0.17,-1.36,12.504,12.54,12.442,798298.5,936038.2,1073148.12,0.5
2022-09-06,12.58,12.66,12.5,12.43,731294.94,-0.07,-0.56,12.588,12.547,12.428,932944.26,967594.46,1058308.64,0.38
2022-09-05,12.46,12.6,12.57,12.37,632040.0,0.06,0.48,12.584,12.531,12.409,946627.75,986611.27,1049666.27,0.33
2022-09-02,12.62,12.69,12.51,12.43,786362.81,-0.1,-0.79,12.554,12.524,12.391,1005117.87,1037214.92,1045664.26,0.41
2022-09-01,12.65,12.79,12.61,12.58,861981.94,-0.14,-1.1,12.574,12.53,12.381,1033372.16,1169220.36,1044611.01,0.44
2022-08-31,12.38,12.78,12.75,12.36,1653041.62,0.27,2.16,12.576,12.494,12.358,1073777.9,1209992.27,1031645.69,0.85
2022-08-30,12.43,12.54,12.48,12.28,799712.38,0.06,0.48,12.506,12.459,12.322,1002244.65,1179538.76,986300.44,0.41
2022-08-29,12.5,12.56,12.42,12.31,924490.62,-0.19,-1.51,12.478,12.424,12.311,1026594.79,1162689.89,1014965.28,0.48
2022-08-26,12.68,12.75,12.61,12.46,927634.25,-0.01,-0.08,12.494,12.393,12.311,1069311.96,1187441.83,1020027.39,0.48
2022-08-25,12.4,12.66,12.62,12.3,1064010.62,0.22,1.77,12.486,12.37,12.315,1305068.56,1176728.75,1015220.55,0.55
2022-08-24,12.33,12.54,12.4,12.33,1295375.38,0.06,0.49,12.412,12.343,12.328,1346206.64,1210258.05,999537.35,0.67
2022-08-23,12.45,12.49,12.34,12.28,921463.06,-0.16,-1.28,12.412,12.309,12.347,1356832.86,1149022.83,980964.28,0.47
2022-08-22,12.58,12.68,12.5,12.41,1138076.5,-0.07,-0.56,12.37,12.287,12.376,1298784.99,1112721.28,986093.57,0.59
2022-08-19,12.27,12.75,12.57,12.23,2106417.25,0.32,2.61,12.292,12.257,12.392,1305571.69,1054113.6,967387.53,1.09
2022-08-18,12.48,12.54,12.25,12.16,1269701.0,-0.15,-1.21,12.254,12.231,12.404,1048388.94,920001.66,930892.16,0.65
2022-08-17,12.15,12.42,12.4,12.07,1348506.5,0.27,2.23,12.274,12.222,12.442,1074309.46,853299.12,965926.5,0.69
2022-08-16,12.11,12.2,12.13,12.1,631223.69,0.02,0.17,12.206,12.185,12.491,941212.8,793062.12,938574.11,0.33
2022-08-15,12.29,12.36,12.11,12.09,1172010.0,-0.27,-2.18,12.204,12.198,12.556,926657.57,867240.68,944792.78,0.6
2022-08-12,12.26,12.41,12.38,12.2,820503.5,0.03,0.24,12.222,12.229,12.62,802655.51,852612.96,943867.57,0.42
2022-08-11,12.08,12.39,12.35,12.04,1399303.62,0.29,2.4,12.208,12.259,12.663,791614.37,853712.35,982774.27,0.72
2022-08-10,12.12,12.24,12.06,12.02,683023.19,-0.06,-0.49,12.17,12.312,12.714,632288.77,788816.64,1044415.13,0.35
2022-08-09,12.21,12.22,12.12,12.08,558447.56,-0.08,-0.66,12.164,12.385,12.809,644911.45,812905.73,1119063.77,0.29
2022-08-08,12.25,12.36,12.2,12.16,551999.69,-0.11,-0.89,12.192,12.464,12.924,807823.79,859465.86,1128285.51,0.28
2022-08-05,12.13,12.33,12.31,11.98,765297.81,0.15,1.23,12.236,12.526,13.037,902570.4,880661.47,1131270.12,0.39
2022-08-04,12.1,12.17,12.16,12.02,602675.62,0.13,1.08,12.31,12.576,13.149,915810.32,941782.66,1124990.15,0.31
2022-08-03,12.19,12.27,12.03,12.01,746136.56,-0.23,-1.88,12.454,12.661,13.262,945344.51,1078553.89,1131364.41,0.38
2022-08-02,12.22,12.34,12.26,11.94,1373009.25,-0.16,-1.29,12.606,12.797,13.387,980900.01,1084086.09,1146224.34,0.71
2022-08-01,12.66,12.66,12.42,12.4,1025732.75,-0.26,-2.05,12.736,12.913,13.519,911107.92,1022344.88,1133332.49,0.53
2022-07-29,12.88,12.9,12.68,12.65,831497.44,-0.2,-1.55,12.816,13.01,13.645,858752.54,1035122.19,1123794.25,0.43
2022-07-28,12.81,12.91,12.88,12.78,750346.56,0.09,0.7,12.842,13.066,13.757,967755.0,1111836.2,1121181.55,0.39
2022-07-27,12.85,12.88,12.79,12.73,923914.06,-0.12,-0.93,12.868,13.115,13.862,1211763.26,1300013.62,1161101.47,0.48
2022-07-26,12.75,12.91,12.91,12.71,1024048.81,0.09,0.7,12.988,13.233,13.955,1187272.17,1425221.81,1178233.13,0.53
2022-07-25,12.8,12.85,12.82,12.67,763955.81,0.01,0.08,13.09,13.384,14.041,1133581.84,1397105.17,1183286.22,0.39
2022-07-22,12.84,12.93,12.81,12.62,1376509.75,0.03,0.23,13.204,13.548,14.124,1211491.85,1381878.78,1219952.34,0.71
2022-07-21,13.32,13.34,13.01,12.99,1970387.88,-0.38,-2.84,13.29,13.721,14.195,1255917.4,1308197.63,1194428.88,1.02
2022-07-20,13.43,13.47,13.39,13.35,801458.62,-0.03,-0.22,13.362,13.862,14.255,1388263.97,1184174.94,1136210.89,0.41
2022-07-19,13.34,13.43,13.42,13.28,755597.12,0.03,0.22,13.478,13.976,14.289,1663171.45,1208362.6,1148940.25,0.39
2022-07-18,13.25,13.44,13.39,13.21,1153505.88,0.15,1.13,13.678,14.125,14.337,1660628.5,1244320.1,1177250.09,0.59
2022-07-15,13.48,13.56,13.24,13.22,1598637.5,-0.13,-0.97,13.892,14.28,14.384,1552265.71,1212466.31,1171183.14,0.82
2022-07-14,13.7,13.71,13.37,13.29,2632120.75,-0.6,-4.29,14.152,14.448,14.445,1360477.86,1130526.9,1143940.66,1.36
2022-07-13,14.42,14.47,13.97,13.89,2175996.0,-0.45,-3.12,14.362,14.609,14.498,980085.9,1022189.33,1078961.94,1.12
2022-07-12,14.41,14.73,14.42,14.38,742882.38,-0.04,-0.28,14.474,14.676,14.537,753553.74,931244.45,1140839.33,0.38
2022-07-11,14.5,14.57,14.46,14.36,611691.94,-0.08,-0.55,14.572,14.697,14.522,828011.69,969467.26,1161266.68,0.32
2022-07-08,14.5,14.65,14.54,14.37,639698.25,0.12,0.83,14.668,14.7,14.494,872666.91,1058025.89,1208069.72,0.33
2022-07-07,14.54,14.65,14.42,14.38,730160.94,-0.11,-0.76,14.744,14.669,14.483,900575.94,1080660.13,1243385.43,0.38
2022-07-06,14.83,14.93,14.53,14.46,1043335.19,-0.38,-2.55,14.856,14.647,14.48,1064292.75,1088246.84,1288522.44,0.54
2022-07-05,14.99,15.27,14.91,14.82,1115172.12,-0.03,-0.2,14.878,14.602,14.461,1108935.16,1089517.91,1293631.74,0.57
2022-07-04,14.95,14.98,14.94,14.75,834968.06,0.02,0.13,14.822,14.548,14.424,1110922.84,1110180.09,1303628.77,0.43
2022-07-01,15.0,15.07,14.92,14.84,779243.38,-0.06,-0.4,14.732,14.488,14.385,1243384.88,1129899.97,1347422.95,0.4
2022-06-30,14.63,15.02,14.98,14.55,1548745.0,0.34,2.32,14.594,14.441,14.337,1260744.32,1157354.42,1357424.19,0.8
2022-06-29,14.65,14.9,14.64,14.55,1266547.25,0.01,0.07,14.438,14.387,14.292,1112200.92,1135734.56,1322251.89,0.65
2022-06-28,14.47,14.67,14.63,14.41,1125110.5,0.14,0.97,14.326,14.397,14.268,1070100.65,1350434.21,1305867.95,0.58
2022-06-27,14.24,14.56,14.49,14.22,1497278.25,0.26,1.83,14.274,14.346,14.24,1109437.35,1353066.1,1294457.49,0.77
2022-06-24,14.2,14.25,14.23,14.11,866040.62,0.03,0.21,14.244,14.288,14.225,1016415.06,1358113.55,1255746.91,0.45
2022-06-23,14.09,14.23,14.2,14.06,806028.0,0.12,0.85,14.288,14.297,14.223,1053964.51,1406110.72,1263010.76,0.42
2022-06-22,14.36,14.36,14.08,14.08,1056045.88,-0.29,-2.02,14.336,14.312,14.232,1159268.19,1488798.05,1252870.78,0.54
2022-06-21,14.34,14.63,14.37,14.23,1321794.0,0.03,0.21,14.468,14.32,14.248,1630767.76,1497745.58,1246746.33,0.68
2022-06-20,14.44,14.44,14.34,14.26,1032166.81,-0.11,-0.76,14.418,14.299,14.271,1596694.84,1497077.45,1213042.93,0.53
2022-06-17,14.32,14.53,14.45,14.2,1053787.88,0.01,0.07,14.332,14.282,14.305,1699812.03,1564945.93,1208864.48,0.54
2022-06-16,14.74,14.83,14.44,14.42,1332546.38,-0.3,-2.04,14.306,14.232,14.314,1758256.93,1557493.96,1185721.17,0.69
2022-06-15,14.1,15.11,14.74,14.06,3413543.75,0.62,4.39,14.288,14.196,14.329,1818327.9,1508769.22,1158022.77,1.76
2022-06-14,13.71,14.13,14.12,13.71,1151429.38,0.21,1.51,14.172,14.138,14.328,1364723.4,1261301.7,1033915.9,0.59
2022-06-13,14.18,14.19,13.91,13.88,1547752.75,-0.41,-2.86,14.18,14.134,14.342,1397460.05,1235848.88,1009755.82,0.8
2022-06-10,14.26,14.33,14.32,14.13,1346012.38,-0.03,-0.21,14.232,14.161,14.377,1430079.82,1153380.28,966183.78,0.69
2022-06-09,14.14,14.46,14.35,14.1,1632901.25,0.19,1.34,14.158,14.148,14.38,1356731.0,1119910.81,933136.37,0.84
2022-06-08,14.16,14.17,14.16,14.01,1145521.25,0.0,0.0,14.104,14.152,14.394,1199210.54,1016943.51,893919.99,0.59
2022-06-07,14.02,14.25,14.16,13.99,1315112.62,-0.01,-0.07,14.104,14.176,14.416,1157880.0,995747.09,886258.18,0.68
2022-06-06,13.91,14.17,14.17,13.64,1710851.62,0.22,1.58,14.088,14.243,14.435,1074237.71,929008.42,861433.62,0.88
2022-06-02,14.02,14.03,13.95,13.88,979268.25,-0.13,-0.92,14.09,14.328,14.475,876680.74,852783.03,817512.63,0.5
2022-06-01,14.14,14.14,14.08,14.0,845298.94,-0.08,-0.56,14.138,14.395,14.543,883090.61,813948.38,808059.03,0.44
2022-05-31,14.07,14.18,14.16,14.0,938868.56,0.08,0.57,14.2,14.462,14.605,834676.47,807276.32,848044.74,0.48
2022-05-30,14.26,14.28,14.08,14.04,896901.19,-0.1,-0.7,14.248,14.517,14.68,833614.17,806530.1,846689.9,0.46
2022-05-27,14.29,14.35,14.18,14.11,723066.75,-0.01,-0.07,14.398,14.55,14.758,783779.12,783662.76,876359.59,0.37
2022-05-26,14.41,14.43,14.19,14.07,1011317.62,-0.2,-1.39,14.566,14.593,14.786,828885.32,778987.28,889616.73,0.52
2022-05-25,14.43,14.49,14.39,14.3,603228.25,-0.01,-0.07,14.652,14.612,14.819,744806.15,746361.94,922274.9,0.31
2022-05-24,14.87,14.87,14.4,14.4,933557.06,-0.43,-2.9,14.724,14.636,14.902,779876.16,770896.48,938177.19,0.48
2022-05-23,15.07,15.07,14.83,14.76,647725.94,-0.19,-1.26,14.786,14.655,14.973,779446.03,776769.28,926993.9,0.33
2022-05-20,14.7,15.04,15.02,14.67,948597.75,0.4,2.74,14.702,14.627,15.024,783546.4,793858.83,930435.37,0.49
2022-05-19,14.55,14.7,14.62,14.5,590921.75,-0.13,-0.88,14.62,14.621,15.063,729089.24,782242.23,924094.1,0.3
2022-05-18,14.85,14.89,14.75,14.67,778578.31,0.04,0.27,14.572,14.691,15.127,747917.74,802169.68,948892.39,0.4
2022-05-17,14.51,14.72,14.71,14.32,931406.38,0.3,2.08,14.548,14.748,15.211,761916.8,888813.16,971551.52,0.48
2022-05-16,14.66,14.73,14.41,14.35,668227.81,-0.2,-1.37,14.524,14.842,15.277,774092.54,886849.7,971461.95,0.34
2022-05-13,14.5,14.66,14.61,14.49,676311.94,0.23,1.6,14.552,14.966,15.347,804171.25,969056.42,982581.97,0.35
2022-05-12,14.48,14.56,14.38,14.33,685064.25,-0.25,-1.71,14.622,14.978,15.412,835395.22,1000246.19,1000729.44,0.35
2022-05-11,14.54,14.84,14.63,14.44,848573.62,0.04,0.27,14.81,15.025,15.496,856421.61,1098187.86,1037313.0,0.44
2022-05-10,14.5,14.6,14.59,14.11,992285.06,0.04,0.28,14.948,15.168,15.584,1015709.51,1105457.91,1048223.29,0.51
2022-05-09,14.94,14.94,14.55,14.46,818621.38,-0.41,-2.74,15.16,15.29,15.669,999606.86,1077218.52,1081562.26,0.42
2022-05-06,15.02,15.2,14.96,14.91,832431.81,-0.36,-2.35,15.38,15.42,15.761,1133941.59,1067011.91,1165058.19,0.43
2022-05-05,15.2,15.45,15.32,15.15,790196.19,0.0,0.0,15.334,15.505,15.8,1165097.15,1065945.97,1197680.54,0.41
2022-04-29,15.69,15.74,15.32,14.97,1645013.12,-0.33,-2.11,15.24,15.563,15.803,1339954.11,1095615.11,1216358.07,0.85
2022-04-28,15.57,15.93,15.65,15.37,911771.81,0.0,0.0,15.388,15.673,15.798,1195206.3,1054289.89,1195946.99,0.47
2022-04-27,14.98,15.65,15.65,14.96,1490295.0,0.92,6.25,15.42,15.712,15.749,1154830.17,1056074.21,1181140.56,0.77
2022-04-26,14.88,14.98,14.73,14.45,988209.62,-0.12,-0.81,15.46,15.727,15.709,1000082.22,996107.51,1142982.65,0.51
2022-04-25,15.67,15.91,14.85,14.78,1664481.0,-1.21,-7.53,15.676,15.846,15.722,966794.8,1001212.69,1130718.84,0.86
2022-04-22,15.64,16.19,16.06,15.4,921274.06,0.25,1.58,15.886,15.966,15.739,851276.1,976438.13,1097612.79,0.47
2022-04-21,15.77,15.98,15.81,15.7,709891.19,-0.04,-0.25,15.958,16.0,15.686,913373.49,990988.68,1104054.2,0.37
2022-04-20,15.81,16.05,15.85,15.7,716555.25,0.04,0.25,16.004,16.047,15.655,957318.24,1085906.01,1149992.48,0.37
2022-04-19,15.9,15.97,15.81,15.62,821772.5,-0.09,-0.57,15.994,16.101,15.592,992132.8,1263104.48,1174608.12,0.42
2022-04-18,16.15,16.2,15.9,15.81,1086887.5,-0.52,-3.17,16.016,16.095,15.536,1035630.59,1329415.11,1209959.86,0.56
2022-04-15,15.9,16.53,16.42,15.86,1231761.0,0.38,2.37,16.046,16.043,15.464,1101600.16,1337101.03,1242118.56,0.63
2022-04-14,16.0,16.25,16.04,15.92,929614.94,0.24,1.52,16.042,15.922,15.358,1068603.86,1337604.08,1257119.46,0.48
2022-04-13,15.89,16.08,15.8,15.72,890628.06,-0.12,-0.75,16.09,15.786,15.24,1214493.78,1306206.91,1299709.15,0.46
2022-04-12,16.05,16.26,15.92,15.66,1039261.44,-0.13,-0.81,16.208,15.691,15.175,1534076.16,1289857.8,1311098.11,0.54
2022-04-11,16.35,16.4,16.05,15.8,1416735.38,-0.35,-2.13,16.174,15.597,15.124,1623199.63,1260224.99,1333817.39,0.73
2022-04-08,16.26,16.45,16.4,16.13,1066779.5,0.12,0.74,16.04,15.512,15.05,1572601.9,1218787.45,1375438.52,0.55
2022-04-07,16.38,16.66,16.28,16.2,1659064.5,-0.11,-0.67,15.802,15.372,14.922,1606604.3,1217119.73,1412137.55,0.85
2022-04-06,15.64,16.54,16.39,15.63,2488540.0,0.64,4.06,15.482,15.262,14.823,1397920.04,1214078.95,1379335.97,1.28
2022-04-01,15.37,15.79,15.75,15.2,1484878.75,0.37,2.41,15.174,15.082,14.74,1045639.43,1086111.76,1310566.92,0.77
2022-03-31,15.1,15.57,15.38,15.06,1163746.75,0.17,1.12,15.02,14.977,14.719,897250.35,1090504.61,1285869.76,0.6
2022-03-30,14.86,15.27,15.21,14.76,1236791.5,0.53,3.61,14.984,14.884,14.735,864972.99,1147136.08,1256596.68,0.64
2022-03-29,14.88,14.95,14.68,14.6,615643.19,-0.17,-1.15,14.942,14.794,14.759,827635.17,1176634.83,1232795.15,0.32
2022-03-28,14.8,15.05,14.85,14.63,727136.94,-0.13,-0.87,15.042,14.694,14.821,1030237.85,1293211.39,1248765.0,0.37
2022-03-25,15.15,15.25,14.98,14.82,742933.38,-0.22,-1.45,14.99,14.658,14.866,1126584.09,1332338.43,1248607.68,0.38
2022-03-24,14.92,15.31,15.2,14.81,1002359.94,0.2,1.33,14.934,14.65,14.912,1283758.86,1407409.79,1247780.87,0.52
2022-03-23,15.11,15.19,15.0,14.9,1050102.38,-0.18,-1.19,14.784,14.587,14.947,1429299.17,1532089.6,1263867.21,0.54
2022-03-22,14.59,15.22,15.18,14.5,1628656.62,0.59,4.04,14.646,14.471,15.007,1525634.5,1607155.37,1255699.21,0.84
2022-03-21,14.5,14.82,14.59,14.39,1208868.12,-0.11,-0.75,14.346,14.384,15.059,1556184.92,1544592.99,1219014.22,0.62
2022-03-18,14.36,14.85,14.7,14.14,1528807.25,0.25,1.73,14.326,14.397,15.155,1538092.78,1535022.08,1198620.54,0.79
2022-03-17,14.66,14.71,14.45,14.24,1730061.5,0.14,0.98,14.366,14.46,15.259,1531060.73,1481234.92,1162305.15,0.89
2022-03-16,13.86,14.4,14.31,13.51,1531779.0,0.63,4.61,14.39,14.586,15.357,1634880.03,1366057.28,1115527.16,0.79
2022-03-15,14.4,14.4,13.68,13.6,1781408.75,-0.81,-5.59,14.296,14.723,15.462,1688676.25,1288955.46,1078058.19,0.92
2022-03-14,14.63,14.93,14.49,14.45,1118407.38,-0.41,-2.75,14.422,14.947,15.592,1533001.05,1204318.62,1049400.98,0.58
2022-03-11,14.4,14.98,14.9,14.15,1493647.0,0.33,2.27,14.468,15.073,15.697,1531951.37,1164876.93,1051013.53,0.77
2022-03-10,14.18,14.75,14.57,14.09,2249158.0,0.73,5.28,14.554,15.173,15.807,1431409.11,1088151.94,1030238.14,1.16
2022-03-09,14.4,14.45,13.84,13.22,1800760.12,-0.47,-3.28,14.782,15.307,15.928,1097234.52,995644.83,957008.11,0.93
2022-03-08,14.62,14.86,14.31,14.25,1003032.75,-0.41,-2.79,15.15,15.542,16.079,889234.68,904243.05,919528.18,0.52
2022-03-07,15.17,15.17,14.72,14.66,1113159.0,-0.61,-3.98,15.472,15.734,16.205,875636.19,893435.45,957111.31,0.57
2022-03-04,15.62,15.63,15.33,15.28,990935.69,-0.38,-2.42,15.678,15.913,16.288,797802.49,862219.01,977227.18,0.51
2022-03-03,15.73,15.81,15.71,15.63,578285.06,0.03,0.19,15.792,16.057,16.313,744894.76,843375.38,1011458.58,0.3
2022-03-02,15.79,15.87,15.68,15.66,760760.88,-0.24,-1.51,15.832,16.128,16.343,894055.13,864997.05,1033776.48,0.39
2022-03-01,15.79,15.95,15.92,15.62,935040.31,0.17,1.08,15.934,16.201,16.391,919251.43,867160.93,1044987.2,0.48
2022-02-28,15.9,15.92,15.75,15.62,723990.5,-0.15,-0.94,15.996,16.237,16.438,911234.71,894483.33,1052899.38,0.37
2022-02-25,15.99,16.08,15.9,15.87,726397.06,-0.01,-0.06,16.148,16.32,16.51,926635.53,937150.13,1060438.4,0.37
2022-02-24,16.13,16.15,15.91,15.8,1324086.88,-0.28,-1.73,16.322,16.44,16.583,941855.99,972324.34,1098202.69,0.68
2022-02-23,16.3,16.31,16.19,16.04,886742.38,-0.04,-0.25,16.424,16.548,16.654,835938.98,918371.39,1183558.05,0.46
2022-02-22,16.31,16.44,16.23,16.16,894956.75,-0.28,-1.7,16.468,16.615,16.669,815070.42,934813.31,1188640.52,0.46
2022-02-21,16.66,16.67,16.51,16.32,800994.56,-0.26,-1.55,16.478,16.675,16.684,877731.95,1020787.18,1201541.4,0.41
2022-02-18,16.32,16.77,16.77,16.31,802499.38,0.35,2.13,16.492,16.663,16.669,947664.74,1092235.36,1218676.15,0.41
2022-02-17,16.39,16.55,16.42,16.32,794501.81,0.01,0.06,16.558,16.569,16.647,1002792.69,1179541.78,1283705.93,0.41
2022-02-16,16.35,16.53,16.41,16.21,782399.62,0.13,0.8,16.672,16.557,16.675,1000803.8,1202555.91,1289451.97,0.4
2022-02-15,16.5,16.67,16.28,16.1,1208264.38,-0.3,-1.81,16.762,16.581,16.705,1054556.2,1222813.47,1325440.16,0.62
2022-02-14,17.1,17.15,16.58,16.51,1150658.5,-0.52,-3.04,16.872,16.638,16.761,1163842.4,1211315.43,1344126.91,0.59
2022-02-11,17.03,17.34,17.1,17.03,1078139.12,0.11,0.65,16.834,16.7,16.792,1236805.98,1183726.67,1332082.69,0.56
2022-02-10,16.77,17.03,16.99,16.67,784557.38,0.13,0.77,16.58,16.725,16.797,1356290.88,1224081.05,1334507.27,0.4
2022-02-09,16.92,17.0,16.86,16.71,1051161.62,0.03,0.18,16.442,16.759,16.803,1404308.02,1448744.71,1350673.66,0.54
2022-02-08,16.3,16.97,16.83,16.26,1754695.38,0.44,2.69,16.4,16.723,16.818,1391070.74,1442467.73,1396215.49,0.9
2022-02-07,16.02,16.41,16.39,15.89,1515476.38,0.56,3.54,16.404,16.692,16.809,1258788.46,1382295.63,1366943.69,0.78
2022-01-28,16.39,16.45,15.83,15.82,1675563.62,-0.47,-2.88,16.566,16.675,16.814,1130647.36,1345116.94,1378707.93,0.86
2022-01-27,16.5,16.54,16.3,16.25,1024643.12,-0.35,-2.1,16.87,16.725,16.863,1091871.21,1387870.08,1334762.93,0.53
2022-01-26,16.95,17.1,16.65,16.54,984975.19,-0.2,-1.19,17.076,16.793,16.886,1493181.39,1376348.03,1356999.46,0.51
2022-01-25,17.08,17.08,16.85,16.81,1093284.0,-0.35,-2.04,17.046,16.828,16.912,1493864.71,1428066.86,1364082.65,0.56
2022-01-24,17.34,17.38,17.2,16.98,874770.88,-0.15,-0.86,16.98,16.884,16.93,1505802.79,1476938.4,1345974.4,0.45
2022-01-21,17.45,17.56,17.35,17.21,1481682.88,0.02,0.12,16.784,16.883,16.936,1559586.51,1480438.71,1326648.42,0.76
2022-01-20,16.47,17.46,17.33,16.42,3031194.0,0.83,5.03,16.58,16.868,16.934,1683868.94,1444933.49,1305543.07,1.56
2022-01-19,16.54,16.69,16.5,16.36,988391.81,-0.02,-0.12,16.51,16.847,16.937,1259514.66,1252602.62,1202829.76,0.51
2022-01-18,16.25,16.54,16.52,16.16,1152974.38,0.3,1.85,16.61,16.912,16.992,1362269.0,1349963.26,1198096.87,0.59
2022-01-17,16.35,16.48,16.22,16.12,1143689.5,-0.11,-0.67,16.788,16.926,17.042,1448074.0,1351591.76,1177769.92,0.59
2022-01-14,17.0,17.02,16.33,16.3,2103095.0,-0.65,-3.83,16.982,16.952,17.109,1401290.9,1412298.91,1150703.92,1.08
2022-01-13,16.91,17.24,16.98,16.82,909422.62,-0.02,-0.12,17.156,17.001,17.179,1205998.05,1281655.78,1086523.15,0.47
2022-01-12,17.41,17.45,17.0,16.9,1502163.5,-0.41,-2.35,17.184,16.978,17.207,1245690.58,1337650.9,1105783.39,0.77
2022-01-11,17.26,17.54,17.41,17.14,1581999.38,0.22,1.28,17.214,16.995,17.236,1337657.53,1300098.44,1127535.67,0.82
2022-01-10,17.29,17.42,17.19,17.03,909774.0,-0.01,-0.06,17.064,16.976,17.279,1255109.53,1215010.4,1114160.21,0.47
2022-01-07,17.1,17.28,17.2,17.06,1126630.75,0.08,0.47,16.922,16.988,17.339,1423306.93,1172858.14,1118134.27,0.58
2022-01-06,17.11,17.27,17.12,17.0,1107885.25,-0.03,-0.17,16.846,17.0,17.414,1357313.5,1166152.66,1134597.07,0.57
2022-01-05,16.58,17.22,17.15,16.55,1961998.25,0.49,2.94,16.772,17.027,17.481,1429611.23,1153056.91,1128216.87,1.01
2022-01-04,16.48,16.66,16.66,16.18,1169259.38,0.18,1.09,16.776,17.071,17.547,1262539.35,1046230.49,1110939.15,0.6
2021-12-31,16.86,16.9,16.48,16.4,1750761.0,-0.34,-2.02,16.888,17.157,17.619,1174911.26,1003948.07,1159757.44,0.9
2021-12-30,16.76,16.95,16.82,16.72,796663.62,0.07,0.42,17.054,17.266,17.677,922409.36,889108.94,1107599.38,0.41
2021-12-29,17.16,17.16,16.75,16.7,1469373.88,-0.42,-2.45,17.154,17.356,17.716,974991.81,891390.52,1117506.11,0.76
2021-12-28,17.22,17.33,17.17,17.09,1126638.88,-0.05,-0.29,17.282,17.436,17.76,876502.58,873915.89,1079383.68,0.58
2021-12-27,17.33,17.35,17.22,17.16,731118.94,-0.09,-0.52,17.366,17.477,17.774,829921.62,954972.9,1059732.54,0.38
2021-12-24,17.33,17.35,17.31,17.21,488251.47,-0.01,-0.06,17.426,17.582,17.788,832984.87,1013310.03,1048806.33,0.25
2021-12-23,17.4,17.43,17.32,17.21,1059575.88,-0.07,-0.4,17.478,17.689,17.802,855808.51,1063410.39,1059118.74,0.55
2021-12-22,17.62,17.64,17.39,17.3,976927.75,-0.2,-1.14,17.558,17.827,17.82,807789.24,1103041.48,1036316.59,0.5
2021-12-21,17.49,17.71,17.59,17.48,893734.06,0.07,0.4,17.59,17.935,17.844,871329.19,1103376.83,1024535.74,0.46
2021-12-20,17.56,17.65,17.52,17.45,746435.19,-0.05,-0.28,17.588,18.022,17.858,1080024.18,1175647.81,1041647.93,0.38
2021-12-17,17.7,17.75,17.57,17.57,602369.69,-0.15,-0.85,17.738,18.08,17.888,1193635.19,1315566.81,1041257.06,0.31
2021-12-16,17.55,17.73,17.72,17.46,819479.5,0.17,0.97,17.9,18.088,17.917,1271012.27,1326089.82,1050457.15,0.42
2021-12-15,17.51,17.66,17.55,17.4,1294627.5,-0.03,-0.17,18.096,18.075,17.921,1398293.72,1343621.7,1049475.36,0.67
2021-12-14,18.16,18.17,17.58,17.52,1937209.0,-0.69,-3.78,18.28,18.084,17.949,1335424.46,1284851.47,1017976.01,1.0
2021-12-13,18.47,18.88,18.27,18.18,1314490.25,-0.11,-0.6,18.456,18.07,17.981,1271271.44,1164492.18,951171.08,0.68
2021-12-10,18.51,18.7,18.38,18.27,989255.12,-0.32,-1.71,18.422,17.994,17.989,1437498.44,1084302.62,918201.07,0.51
2021-12-09,18.49,19.06,18.7,18.37,1455886.75,0.23,1.25,18.276,17.914,17.984,1381167.36,1054827.09,916615.64,0.75
2021-12-08,18.45,18.55,18.47,18.16,980281.19,0.01,0.05,18.054,17.812,17.966,1288949.68,969591.69,948057.75,0.51
2021-12-07,18.3,18.67,18.46,18.15,1616443.88,0.36,1.99,17.888,17.752,17.913,1234278.48,945694.66,960086.24,0.83
2021-12-06,17.85,18.56,18.1,17.8,2145625.25,0.45,2.55,17.684,17.694,17.866,1057712.91,907648.06,941292.68,1.11
2021-12-03,17.64,17.7,17.65,17.41,707599.75,0.06,0.34,17.566,17.696,17.832,731106.81,766947.31,902852.16,0.36
2021-12-02,17.62,17.81,17.59,17.37,994798.31,-0.05,-0.28,17.552,17.746,17.832,728486.82,774824.49,922274.17,0.51
2021-12-01,17.43,17.77,17.64,17.37,706925.19,0.2,1.15,17.57,17.767,17.846,650233.71,755329.03,921704.8,0.36
2021-11-30,17.54,17.68,17.44,17.35,733616.06,-0.07,-0.4,17.616,17.814,17.865,657110.84,751100.55,942107.14,0.38
2021-11-29,17.41,17.57,17.51,17.36,512594.72,-0.07,-0.4,17.704,17.892,17.902,757583.21,737849.99,1005310.86,0.26
2021-11-26,17.62,17.67,17.58,17.52,694499.81,-0.1,-0.57,17.826,17.984,17.996,802787.81,752099.52,1021755.64,0.36
2021-11-25,17.74,17.79,17.68,17.63,603532.75,-0.19,-1.06,17.94,18.053,18.092,821162.15,778404.19,1014027.14,0.31
2021-11-24,17.77,17.95,17.87,17.66,741310.88,-0.01,-0.06,17.964,18.12,18.194,860424.35,926523.81,1014801.04,0.38
2021-11-23,18.11,18.35,17.88,17.68,1235977.88,-0.24,-1.32,18.012,18.073,18.297,845090.25,974477.81,1012115.51,0.64
2021-11-22,18.03,18.25,18.12,17.9,738617.75,-0.03,-0.17,18.08,18.038,18.405,718116.78,974937.3,982956.95,0.38
2021-11-19,17.8,18.24,18.15,17.7,786371.5,0.35,1.97,18.142,17.968,18.505,701411.23,1038757.01,982567.48,0.41
2021-11-18,18.09,18.12,17.8,17.73,799843.75,-0.31,-1.71,18.166,17.917,18.6,735646.23,1069723.85,999997.09,0.41
2021-11-17,18.15,18.3,18.11,17.98,664640.38,-0.11,-0.6,18.276,17.924,18.71,992623.28,1088080.57,1041087.95,0.34
2021-11-16,18.36,18.54,18.22,18.17,601110.5,-0.21,-1.14,18.134,17.916,18.766,1103865.38,1133113.73,1041003.71,0.31
2021-11-15,18.35,18.63,18.43,18.2,655090.0,0.16,0.88,17.996,17.912,18.834,1231757.83,1272771.73,1045068.94,0.34
2021-11-12,18.31,18.63,18.27,18.11,957546.5,-0.08,-0.44,17.794,18.008,18.877,1376102.8,1291411.76,1048795.56,0.49
2021-11-11,17.35,18.43,18.35,17.32,2084729.0,0.95,5.46,17.668,18.131,18.946,1403801.48,1249650.08,1050592.93,1.07
2021-11-10,17.46,17.47,17.4,17.16,1220850.88,-0.13,-0.74,17.572,18.268,18.989,1183537.87,1103078.27,988505.97,0.63
2021-11-09,17.48,17.65,17.53,17.26,1240572.75,0.11,0.63,17.698,18.52,19.098,1162362.09,1049753.2,967858.25,0.64
2021-11-08,17.62,17.81,17.42,17.36,1376814.88,-0.22,-1.25,17.828,18.772,19.189,1313785.64,990976.61,957391.23,0.71
2021-11-05,17.85,18.0,17.64,17.57,1096039.88,-0.23,-1.29,18.222,19.042,19.288,1206720.71,926377.95,961317.4,0.56
2021-11-04,18.08,18.1,17.87,17.8,983410.94,-0.16,-0.89,18.594,19.282,19.338,1095498.69,930270.32,964475.44,0.51
2021-11-03,18.1,18.24,18.03,17.85,1114972.0,-0.15,-0.82,18.964,19.495,19.341,1022618.68,994095.33,955085.44,0.57
2021-11-02,19.37,19.49,18.18,17.99,1997690.5,-1.21,-6.24,19.342,19.616,19.347,937144.31,948893.68,960842.93,1.03
2021-11-01,19.33,19.73,19.39,19.01,841490.25,-0.11,-0.56,19.716,19.755,19.337,668167.58,817366.14,925616.78,0.43
2021-10-29,19.63,19.74,19.5,19.32,539929.75,-0.22,-1.12,19.862,19.745,19.246,646035.18,806179.37,940575.65,0.28
2021-10-28,19.8,19.94,19.72,19.37,619010.88,-0.2,-1.0,19.97,19.761,19.138,765041.95,851535.77,976863.98,0.32
2021-10-27,20.0,20.17,19.92,19.59,687600.19,-0.13,-0.65,20.026,19.71,19.036,965571.97,873933.66,1014905.32,0.35
2021-10-26,20.06,20.45,20.05,19.86,652806.81,-0.07,-0.35,19.89,19.676,18.939,960643.05,885963.3,1054193.57,0.34
2021-10-25,19.71,20.2,20.12,19.5,730828.25,0.08,0.4,19.794,19.606,18.863,966564.71,923805.84,1077797.21,0.38
2021-10-22,20.16,20.59,20.04,19.8,1134963.62,0.04,0.2,19.628,19.534,18.811,966323.56,996256.86,1100103.48,0.58
2021-10-21,19.52,20.06,20.0,19.25,1621661.0,0.76,3.95,19.552,19.394,18.785,938029.59,998680.56,1085436.22,0.84
2021-10-20,19.75,19.78,19.24,19.19,662955.56,-0.33,-1.69,19.394,19.187,18.754,782295.35,916075.56,1062261.82,0.34
2021-10-19,19.15,19.68,19.57,19.15,682415.12,0.28,1.45,19.462,19.078,18.802,811283.56,972792.18,1093975.45,0.35
2021-10-18,19.45,19.55,19.29,19.1,729622.5,-0.37,-1.88,19.418,18.918,18.852,881046.97,1033867.42,1175601.95,0.38
2021-10-15,19.0,19.9,19.66,19.0,993493.75,0.45,2.34,19.44,18.746,18.838,1026190.15,1074971.93,1176096.12,0.51
2021-10-14,19.59,19.92,19.21,18.89,842989.81,-0.37,-1.89,19.236,18.515,18.816,1059331.52,1102192.19,1177731.48,0.43
2021-10-13,19.3,19.91,19.58,19.17,807896.62,0.23,1.19,18.98,18.362,18.818,1049855.77,1155876.97,1216699.2,0.42
2021-10-12,19.3,19.71,19.35,19.2,1031232.19,-0.05,-0.26,18.694,18.202,18.761,1134300.8,1222423.84,1252065.65,0.53
2021-10-11,19.0,19.74,19.4,19.0,1455338.38,0.76,4.08,18.418,18.12,18.696,1186687.86,1231788.58,1270244.98,0.75
2021-10-08,18.17,18.89,18.64,18.02,1159200.62,0.71,3.96,18.052,18.088,18.646,1123753.71,1203950.1,1318608.23,0.6
2021-09-30,18.09,18.2,17.93,17.71,795611.06,-0.22,-1.21,17.794,18.176,18.608,1145052.86,1172191.88,1376492.9,0.41
2021-09-29,17.86,18.44,18.15,17.71,1230121.75,0.18,1.0,17.744,18.32,18.601,1261898.17,1208448.09,1395455.74,0.63
2021-09-28,17.47,18.17,17.97,17.45,1293167.5,0.4,2.28,17.71,18.526,18.58,1310546.87,1215158.71,1396560.21,0.67
2021-09-27,17.21,17.68,17.57,17.06,1140667.62,0.22,1.27,17.822,18.786,18.601,1276889.3,1317336.49,1368342.84,0.59
2021-09-24,17.6,17.68,17.35,17.34,1265696.38,-0.33,-1.87,18.124,18.929,18.645,1284146.5,1277220.31,1358890.41,0.65
2021-09-23,18.1,18.32,17.68,17.65,1379837.62,-0.3,-1.67,18.558,19.117,18.736,1199330.9,1253270.77,1330509.8,0.71
2021-09-22,17.87,18.05,17.98,17.42,1473365.25,-0.55,-2.97,18.896,19.273,18.82,1154998.0,1277521.42,1304965.58,0.76
2021-09-17,18.9,19.0,18.53,18.41,1124879.62,-0.55,-2.88,19.342,19.32,18.886,1119770.55,1281707.46,1290889.78,0.58
2021-09-16,19.3,19.5,19.08,18.73,1176953.62,-0.44,-2.25,19.75,19.271,18.93,1357783.67,1308701.37,1315377.2,0.61
2021-09-15,19.31,20.99,19.52,19.19,841618.38,0.15,0.77,19.734,19.203,18.993,1270294.11,1433266.36,1289028.3,0.43
2021-09-14,20.18,20.27,19.37,19.27,1158173.12,-0.84,-4.16,19.676,19.039,19.048,1307210.65,1580793.92,1313583.99,0.6
2021-09-13,20.36,20.51,20.21,19.81,1297228.0,-0.36,-1.75,19.65,18.882,19.063,1400044.85,1582463.4,1279476.43,0.67
2021-09-10,18.89,20.77,20.57,18.84,2314945.25,1.57,8.26,19.298,18.633,19.05,1443644.37,1577961.7,1245967.54,1.19
2021-09-09,19.11,19.15,19.0,18.8,739505.81,-0.23,-1.2,18.792,18.415,19.016,1259619.07,1419349.2,1158364.53,0.38
2021-09-08,19.24,19.55,19.23,19.1,1026201.06,-0.01,-0.05,18.672,18.361,19.061,1596238.61,1440560.52,1154712.14,0.53
2021-09-07,18.6,19.56,19.24,18.35,1622344.12,0.79,4.28,18.402,18.354,19.09,1854377.2,1407748.82,1155817.51,0.84
2021-09-06,17.93,18.6,18.45,17.78,1515225.62,0.41,2.27,18.114,18.366,19.114,1764881.95,1332409.73,1139799.73,0.78
2021-09-03,18.5,18.5,18.04,17.7,1394818.75,-0.36,-1.96,17.968,18.451,19.145,1712279.03,1300072.11,1151678.36,0.72
2021-09-02,18.0,18.78,18.4,17.8,2422603.5,0.52,2.91,18.038,18.589,19.136,1579079.33,1322053.03,1110310.13,1.25
2021-09-01,17.48,17.92,17.88,17.01,2316894.0,0.08,0.45,18.05,18.783,19.1,1284882.44,1144790.24,1020258.65,1.19
2021-08-31,17.72,17.93,17.8,17.31,1174867.88,0.08,0.45,18.306,19.057,19.096,961120.44,1046374.06,940894.95,0.61
2021-08-30,18.21,18.29,17.72,17.55,1252211.0,-0.67,-3.64,18.618,19.244,19.101,899937.51,976489.46,926998.98,0.65
2021-08-27,18.56,18.88,18.39,18.31,728820.25,-0.07,-0.38,18.934,19.467,19.115,887865.19,913973.38,922384.56,0.38
2021-08-26,19.2,19.26,18.46,18.41,951619.06,-0.7,-3.65,19.14,19.617,19.08,1065026.74,897379.87,933451.34,0.49
2021-08-25,19.42,19.47,19.16,18.95,698084.0,-0.2,-1.03,19.516,19.76,19.055,1004698.05,868863.76,929489.29,0.36
2021-08-24,19.35,19.97,19.36,19.21,868953.25,0.06,0.31,19.808,19.825,18.985,1131627.67,903886.21,947734.8,0.45
2021-08-23,19.5,20.05,19.3,19.11,1191849.38,-0.12,-0.62,19.87,19.862,18.905,1053041.41,947189.73,972164.72,0.61
2021-08-20,19.97,20.07,19.42,18.7,1614628.0,-0.92,-4.52,20.0,19.838,18.88,940081.58,1003284.61,985137.45,0.83
2021-08-19,20.48,20.62,20.34,20.02,649975.62,-0.28,-1.36,20.094,19.682,18.914,729732.99,898567.22,940776.26,0.33
2021-08-18,19.67,21.2,20.62,19.55,1332732.12,0.95,4.83,20.004,19.416,18.916,733029.47,895727.05,951709.88,0.69
2021-08-17,19.85,20.22,19.67,19.61,476021.91,-0.28,-1.4,19.842,19.135,18.907,676144.74,835415.84,922727.1,0.25
2021-08-16,20.09,20.2,19.95,19.57,627050.25,0.06,0.3,19.854,18.957,18.954,841338.06,877508.51,939127.72,0.32
2021-08-13,19.78,19.92,19.89,19.5,562885.06,0.0,0.0,19.676,18.763,19.017,1066487.64,930795.74,933882.01,0.29
2021-08-12,19.79,20.3,19.89,19.63,666458.0,0.08,0.4,19.27,18.543,19.089,1067401.45,969522.82,934387.89,0.34
2021-08-11,19.99,20.58,19.81,19.7,1048308.5,0.08,0.41,18.828,18.35,19.176,1058424.62,990114.82,948865.14,0.54
2021-08-10,19.09,19.98,19.73,18.9,1301988.5,0.67,3.52,18.428,18.144,19.223,994686.94,991583.4,938847.24,0.67
2021-08-09,17.91,19.25,19.06,17.84,1752798.12,1.2,6.72,18.06,17.947,19.293,913678.95,997139.7,906628.52,0.9
2021-08-06,17.55,17.9,17.86,17.45,567454.12,0.18,1.02,17.85,17.921,19.398,795103.85,966990.29,862883.66,0.29
2021-08-05,17.7,18.05,17.68,17.58,621573.88,-0.13,-0.73,17.816,18.145,19.568,871644.19,982985.31,872629.19,0.32
2021-08-04,18.04,18.07,17.81,17.6,729620.06,-0.08,-0.45,17.872,18.415,19.76,921805.02,1007692.72,914403.48,0.38
2021-08-03,17.99,18.15,17.89,17.66,896948.56,-0.12,-0.67,17.86,18.679,19.997,988479.86,1010038.37,901369.72,0.46
2021-08-02,17.64,18.14,18.01,17.18,1159922.62,0.32,1.81,17.834,18.95,20.241,1080600.45,1000746.94,896120.15,0.6
2021-07-30,17.92,18.05,17.69,17.24,950155.81,-0.27,-1.5,17.992,19.27,20.444,1138876.72,936968.28,881091.08,0.49
2021-07-29,17.91,18.24,17.96,17.78,872378.06,0.21,1.18,18.474,19.635,20.65,1094326.42,899252.96,887117.17,0.45
2021-07-28,17.85,18.07,17.75,17.68,1062994.25,-0.01,-0.06,18.958,20.001,20.912,1093580.42,907615.46,876739.93,0.55
2021-07-27,18.87,18.99,17.76,17.6,1357551.5,-1.04,-5.53,19.498,20.302,21.155,1031596.87,886111.09,843761.99,0.7
2021-07-26,19.96,19.99,18.8,18.43,1451304.0,-1.3,-6.47,20.066,20.638,21.384,920893.44,816117.33,828371.89,0.75
2021-07-23,20.38,20.38,20.1,20.0,727404.31,-0.28,-1.37,20.548,20.874,21.583,735059.83,758777.04,787119.55,0.37
2021-07-22,20.45,20.66,20.38,20.24,868648.06,-0.07,-0.34,20.796,20.991,21.746,704179.49,762273.08,778747.99,0.45
2021-07-21,20.58,20.8,20.45,20.2,753076.5,-0.15,-0.73,21.044,21.104,21.881,721650.49,821114.23,754829.76,0.39
2021-07-20,21.1,21.2,20.6,20.47,804034.31,-0.61,-2.88,21.106,21.314,22.016,740625.3,792701.07,739571.32,0.41
2021-07-19,21.36,21.43,21.21,20.78,522135.97,-0.13,-0.61,21.21,21.532,22.134,711341.23,791493.36,737257.18,0.27
2021-07-16,21.41,21.82,21.34,21.3,573002.62,-0.28,-1.29,21.2,21.617,22.182,782494.25,825213.89,747064.01,0.3
2021-07-15,20.72,21.72,21.62,20.63,956003.06,0.86,4.14,21.186,21.664,22.247,820366.67,874981.39,753118.85,0.49
2021-07-14,21.0,21.0,20.76,20.41,847950.56,-0.36,-1.71,21.164,21.822,22.321,920577.96,845864.41,727982.8,0.44
2021-07-13,21.15,21.34,21.12,20.54,657613.94,-0.04,-0.19,21.522,22.008,22.446,844776.83,801412.89,704495.67,0.34
2021-07-12,21.5,21.5,21.16,20.89,877901.06,-0.11,-0.52,21.854,22.13,22.551,871645.49,840626.44,704646.11,0.45
2021-07-09,21.3,21.63,21.27,21.02,762364.75,-0.24,-1.12,22.034,22.292,22.662,867933.53,815462.07,702484.31,0.39
2021-07-08,22.78,22.78,21.51,21.2,1457059.5,-1.04,-4.61,22.142,22.501,22.808,929596.1,795222.89,690876.83,0.75
2021-07-07,22.68,23.05,22.55,22.5,468944.88,-0.23,-1.01,22.48,22.658,22.965,771150.85,688545.29,640715.43,0.24
2021-07-06,22.08,23.0,22.78,21.85,791957.25,0.72,3.26,22.494,22.717,23.064,758048.96,686441.57,645772.08,0.41
2021-07-05,21.69,22.15,22.06,21.09,859341.25,0.25,1.15,22.406,22.736,23.14,809607.39,683020.99,628569.92,0.44
2021-07-02,22.72,22.74,21.81,21.76,1070677.62,-1.39,-5.99,22.55,22.746,23.264,762990.61,668914.14,623439.83,0.55
2021-07-01,22.81,23.5,23.2,22.52,664833.25,0.58,2.56,22.86,22.83,23.362,660849.68,631256.31,589950.99,0.34
2021-06-30,22.36,22.93,22.62,22.35,403435.44,0.28,1.25,22.836,22.82,23.397,605939.72,610101.19,581585.68,0.21
2021-06-29,22.58,22.79,22.34,22.0,1049749.38,-0.44,-1.93,22.94,22.884,23.462,614834.18,607578.45,592664.81,0.54
2021-06-28,23.36,23.39,22.78,22.48,626257.38,-0.58,-2.48,23.066,22.972,23.555,556434.6,568665.77,565944.88,0.32
2021-06-25,23.08,23.6,23.36,23.06,559972.94,0.28,1.21,22.942,23.031,23.641,574837.67,589506.54,559252.05,0.29
2021-06-24,23.03,23.12,23.08,22.68,390283.47,-0.06,-0.26,22.8,23.115,23.712,601662.93,586530.77,556457.97,0.2
2021-06-23,22.85,23.41,23.14,22.72,447907.75,0.17,0.74,22.804,23.272,23.809,614262.66,592885.57,582906.98,0.23
2021-06-22,22.38,23.09,22.97,22.25,757751.44,0.81,3.65,22.828,23.411,23.882,600322.71,605102.59,609130.33,0.39
2021-06-21,22.6,22.67,22.16,22.01,718272.75,-0.49,-2.16,22.878,23.544,23.907,580896.95,574118.86,588439.54,0.37
2021-06-18,23.13,23.28,22.65,22.39,694099.25,-0.45,-1.95,23.12,23.782,23.974,604175.41,577965.52,579492.69,0.36
2021-06-17,23.02,23.69,23.1,23.02,453282.09,-0.16,-0.69,23.43,23.894,24.032,571398.6,548645.68,565077.14,0.23
2021-06-16,23.22,23.4,23.26,23.01,378208.03,0.04,0.17,23.74,23.973,24.057,571508.49,553070.18,563884.05,0.19
2021-06-15,23.35,23.43,23.22,22.8,660622.62,-0.15,-0.64,23.994,24.039,24.089,609882.47,577751.17,564744.4,0.34
2021-06-11,24.31,24.35,23.37,23.12,834665.06,-0.83,-3.43,24.21,24.137,24.108,567340.76,563223.99,558091.5,0.43
2021-06-10,24.66,25.06,24.2,24.15,530215.19,-0.45,-1.83,24.444,24.25,24.106,551755.64,528997.55,544547.52,0.27
2021-06-09,24.43,24.88,24.65,24.18,453831.53,0.12,0.49,24.358,24.309,24.049,525892.77,526385.17,545519.38,0.23
2021-06-08,24.15,24.57,24.53,23.95,570077.94,0.23,0.95,24.206,24.345,23.994,534631.87,572928.39,549491.07,0.29
2021-06-07,24.48,24.48,24.3,23.93,447914.09,-0.24,-0.98,24.084,24.352,23.944,545619.87,613158.06,545848.34,0.23
2021-06-04,23.99,24.96,24.54,23.8,756739.44,0.77,3.24,24.064,24.27,23.922,559107.21,602760.22,556524.58,0.39
2021-06-03,23.72,24.14,23.77,23.68,400900.84,-0.12,-0.5,24.056,24.165,23.898,506239.47,581019.85,558798.32,0.21
2021-06-02,23.89,23.92,23.89,23.38,497527.03,-0.03,-0.12,24.26,24.17,23.884,526877.58,581508.6,563768.04,0.26
2021-06-01,24.2,24.25,23.92,23.5,625017.94,-0.28,-1.16,24.484,24.141,23.854,611224.92,574697.93,566990.75,0.32
2021-05-31,24.33,24.53,24.2,23.91,515350.81,-0.3,-1.22,24.62,24.139,23.838,680696.26,551737.63,566481.7,0.27
2021-05-28,24.68,24.71,24.5,24.16,492400.72,-0.29,-1.17,24.476,24.079,23.795,646413.22,552959.01,570406.06,0.25
2021-05-27,24.91,25.16,24.79,24.52,504091.38,-0.22,-0.88,24.274,23.961,23.717,655800.22,560097.48,569307.59,0.26
2021-05-26,24.64,25.12,25.01,24.5,919263.75,0.41,1.67,24.08,23.789,23.625,636139.62,564653.59,587723.91,0.47
2021-05-25,23.54,24.73,24.6,23.45,972374.62,1.12,4.77,23.798,23.643,23.539,538170.94,526053.74,582922.23,0.5
2021-05-24,23.48,23.6,23.48,23.19,343935.62,-0.01,-0.04,23.658,23.536,23.458,422779.01,478538.62,575788.2,0.18
2021-05-21,23.88,24.09,23.49,23.03,539335.75,-0.33,-1.39,23.682,23.574,23.434,459504.81,510288.95,638446.4,0.28
2021-05-20,23.41,23.84,23.82,23.27,405788.38,0.22,0.93,23.648,23.63,23.344,464394.73,536576.8,653218.25,0.21
2021-05-19,23.82,24.13,23.6,23.52,429420.31,-0.3,-1.25,23.498,23.598,23.211,493167.56,546027.48,688542.96,0.22
2021-05-18,23.85,24.11,23.9,23.4,395414.97,0.3,1.27,23.488,23.567,23.044,513936.54,559283.58,703571.85,0.2
2021-05-17,23.15,23.82,23.6,22.95,527564.62,0.28,1.2,23.414,23.536,22.867,534298.24,581225.77,720594.36,0.27
2021-05-14,23.14,23.43,23.32,22.6,563785.38,0.43,1.88,23.466,23.511,22.72,561073.09,587853.1,721088.05,0.29
2021-05-13,23.52,23.59,23.07,22.84,549652.5,-0.48,-2.04,23.612,23.473,22.593,608758.86,578517.71,717893.99,0.28
2021-05-12,23.29,23.64,23.55,22.88,533265.25,0.02,0.09,23.698,23.46,22.475,598887.4,610794.22,720148.52,0.27
2021-05-11,23.62,23.75,23.53,23.06,497223.44,-0.33,-1.38,23.646,23.434,22.362,604630.61,639790.72,713433.27,0.26
2021-05-10,24.0,24.04,23.86,23.02,661438.88,-0.19,-0.79,23.658,23.379,22.264,628153.3,673037.77,707723.58,0.34
2021-05-07,23.67,24.3,24.05,23.39,802214.25,0.55,2.34,23.556,23.294,22.153,614633.11,766603.84,700531.86,0.41
2021-05-06,23.1,23.7,23.5,23.1,500295.19,0.21,0.9,23.334,23.058,22.034,548276.55,769859.69,680476.29,0.26
2021-04-30,23.35,23.49,23.29,23.01,561981.31,-0.3,-1.27,23.222,22.823,21.934,622701.05,831058.44,684515.71,0.29
2021-04-29,23.34,23.71,23.59,23.11,614836.88,0.24,1.03,23.222,22.52,21.859,674950.82,847860.13,683639.09,0.32
2021-04-28,23.29,23.45,23.35,22.78,593837.94,0.41,1.79,23.1,22.197,21.78,717922.23,859962.95,691748.65,0.31
2021-04-27,22.95,23.19,22.94,22.86,470431.41,0.0,0.0,23.032,21.929,21.709,918574.57,854323.0,698989.49,0.24
2021-04-26,23.87,24.23,22.94,22.9,872417.69,-0.35,-1.5,22.782,21.713,21.636,991442.84,857270.28,714751.26,0.45
2021-04-23,23.32,23.65,23.29,23.07,823230.19,0.31,1.35,22.424,21.489,21.546,1039415.82,829502.82,712235.78,0.42
2021-04-22,23.19,23.23,22.98,22.78,829693.94,-0.03,-0.13,21.818,21.29,21.419,1020769.44,787075.83,695707.56,0.43
2021-04-21,22.3,23.19,23.01,22.29,1597099.62,1.32,6.09,21.294,21.148,21.297,1002003.66,742409.39,696727.11,0.82
2021-04-20,21.08,21.95,21.69,20.92,834772.75,0.54,2.55,20.826,21.011,21.208,790071.44,634459.89,651017.3,0.43
2021-04-19,20.03,21.24,21.15,19.91,1112282.62,0.89,4.39,20.644,21.01,21.201,723097.72,591092.89,681838.17,0.57
2021-04-16,20.36,20.43,20.26,19.81,729998.25,-0.1,-0.49,20.554,21.045,21.167,619589.82,537972.98,702505.15,0.38
2021-04-15,20.76,20.77,20.36,20.08,735865.06,-0.31,-1.5,20.762,21.197,21.24,553382.22,519418.05,700585.75,0.38
2021-04-14,20.79,20.94,20.67,20.42,537438.5,-0.11,-0.53,21.002,21.362,21.282,482815.12,523534.35,704866.92,0.28
2021-04-13,20.72,20.88,20.78,20.59,499904.16,0.08,0.39,21.196,21.488,21.332,478848.34,543655.98,724979.21,0.26
2021-04-12,21.51,21.51,20.7,20.63,594743.12,-0.6,-2.82,21.376,21.559,21.373,459088.07,572232.24,747921.44,0.31
2021-04-09,21.71,21.72,21.3,21.08,398960.28,-0.26,-1.21,21.536,21.603,21.412,456356.14,594968.73,753044.32,0.21
2021-04-08,21.46,21.73,21.56,21.33,383029.53,-0.08,-0.37,21.632,21.548,21.41,485453.87,604339.28,785529.27,0.2
2021-04-07,21.88,21.93,21.64,21.31,517604.59,-0.04,-0.18,21.722,21.445,21.352,564253.58,651044.83,823848.62,0.27
2021-04-06,21.55,22.09,21.68,21.51,401102.81,0.18,0.84,21.78,21.404,21.313,608463.62,667574.71,866063.16,0.21
2021-04-02,21.7,21.73,21.5,21.36,581083.5,-0.28,-1.29,21.742,21.391,21.309,685376.41,772583.44,895696.72,0.3
2021-04-01,22.08,22.11,21.78,21.5,544448.94,-0.23,-1.04,21.67,21.288,21.351,733581.32,867037.32,910651.12,0.28
2021-03-31,21.77,22.07,22.01,21.6,777028.06,0.08,0.36,21.464,21.283,21.408,723224.69,881753.44,944107.64,0.4
2021-03-30,21.38,21.93,21.93,21.21,738654.81,0.44,2.05,21.168,21.202,21.458,737836.09,886199.5,1001238.0,0.38
2021-03-29,21.28,21.65,21.49,21.2,785666.75,0.35,1.66,21.028,21.175,21.444,726685.8,906302.45,1037976.52,0.4
2021-03-26,20.84,21.4,21.14,20.76,822108.06,0.39,1.88,21.04,21.186,21.442,859790.47,923610.65,1054962.5,0.42
2021-03-25,20.58,20.83,20.75,20.4,492665.75,0.22,1.07,20.906,21.22,21.454,1000493.31,911119.91,1070105.96,0.25
2021-03-24,21.21,21.28,20.53,20.45,850085.06,-0.7,-3.3,21.102,21.272,21.521,1040282.2,966719.27,1125142.85,0.44
2021-03-23,21.57,21.65,21.23,20.96,682903.38,-0.32,-1.49,21.236,21.259,21.602,1034562.91,996652.41,1154063.59,0.35
2021-03-22,20.55,21.55,21.55,20.53,1451190.12,1.08,5.28,21.322,21.221,21.637,1085919.1,1064551.61,1213441.43,0.75
2021-03-19,21.53,21.65,20.47,20.37,1525622.25,-1.26,-5.8,21.332,21.226,21.679,987430.82,1018810.0,1238724.05,0.79
2021-03-18,21.3,21.73,21.73,21.0,691610.19,0.53,2.5,21.534,21.413,21.848,821746.5,954264.92,1208572.09,0.36
2021-03-17,21.45,21.55,21.2,20.9,821488.62,-0.46,-2.12,21.442,21.532,21.976,893156.34,1006461.84,1249253.13,0.42
2021-03-16,21.6,22.11,21.66,21.27,939684.31,0.06,0.28,21.282,21.713,22.107,958741.91,1116276.5,1304122.04,0.48
2021-03-15,21.4,22.12,21.6,21.11,958748.75,0.12,0.56,21.12,21.712,22.253,1043184.13,1169650.58,1304242.5,0.49
2021-03-12,21.37,21.7,21.48,21.2,697200.62,0.21,0.99,21.12,21.697,22.413,1050189.18,1186314.36,1310518.3,0.36
2021-03-11,20.58,21.38,21.27,20.56,1048659.38,0.87,4.26,21.292,21.687,22.586,1086783.34,1229092.02,1326437.05,0.54
2021-03-10,20.84,20.91,20.4,20.28,1149416.5,-0.45,-2.16,21.622,21.769,22.752,1119767.34,1283566.43,1336766.45,0.59
2021-03-09,21.68,21.92,20.85,20.58,1361895.38,-0.75,-3.47,22.144,21.945,22.98,1273811.09,1311474.77,1375459.2,0.7
2021-03-08,22.44,22.69,21.6,21.48,993774.0,-0.74,-3.31,22.304,22.053,23.101,1296117.04,1362331.24,1428172.87,0.51
2021-03-05,22.7,22.98,22.34,21.86,880171.44,-0.58,-2.53,22.274,22.131,23.249,1322439.54,1458638.09,1452246.14,0.45
2021-03-04,22.77,23.49,22.92,22.65,1213579.38,-0.09,-0.39,22.082,22.282,23.286,1371400.7,1462879.26,1470250.49,0.63
2021-03-03,21.58,23.08,23.01,21.46,1919635.25,1.36,6.28,21.916,22.42,23.281,1447365.52,1492044.41,1452445.37,0.99
2021-03-02,21.62,22.15,21.65,21.26,1473425.12,0.2,0.93,21.746,22.501,23.284,1349138.45,1491967.59,1421171.24,0.76
2021-03-01,21.54,21.68,21.45,21.18,1125386.5,0.07,0.33,21.802,22.794,23.32,1428545.45,1438834.43,1403836.01,0.58
2021-02-26,21.6,21.96,21.38,21.21,1124977.25,-0.71,-3.21,21.988,23.129,23.372,1594836.65,1434722.24,1398984.95,0.58
2021-02-25,22.4,22.56,22.09,21.68,1593403.5,-0.07,-0.32,22.482,23.484,23.405,1554357.82,1423782.07,1388957.8,0.82
2021-02-24,22.27,22.28,22.16,21.56,1428499.88,0.23,1.05,22.924,23.735,23.412,1536723.3,1389966.47,1356526.56,0.74
2021-02-23,22.38,22.68,21.93,21.82,1870460.12,-0.45,-2.01,23.256,24.014,23.427,1634796.72,1439443.64,1349141.22,0.96
2021-02-22,23.8,23.8,22.38,22.26,1956842.5,-1.47,-6.16,23.786,24.149,23.506,1449123.4,1494014.5,1321703.38,1.01
2021-02-19,23.96,24.19,23.85,23.57,922583.12,-0.45,-1.85,24.27,24.366,23.568,1274607.82,1445854.19,1286417.88,0.48
2021-02-18,24.0,24.55,24.3,23.48,1505230.88,0.48,2.02,24.486,24.29,23.552,1293206.32,1477621.71,1307819.92,0.78
2021-02-10,24.6,24.96,23.82,23.38,1918867.0,-0.76,-3.09,24.546,24.141,23.505,1243209.65,1412846.32,1295481.73,0.99
2021-02-09,24.79,24.84,24.58,24.17,942093.5,-0.22,-0.89,24.772,24.067,23.484,1244090.55,1350374.89,1253922.72,0.49
2021-02-08,24.9,24.9,24.8,24.1,1084264.62,-0.13,-0.52,24.512,23.846,23.406,1538905.6,1368837.59,1276196.23,0.56
2021-02-05,24.6,25.31,24.93,24.27,1015575.62,0.33,1.34,24.462,23.615,23.298,1617100.55,1363247.66,1290960.2,0.52
2021-02-04,24.18,25.24,24.6,24.04,1255247.5,-0.35,-1.4,24.094,23.325,23.163,1662037.1,1354133.53,1313908.92,0.65
2021-02-03,23.48,25.18,24.95,23.38,1923271.5,1.67,7.17,23.736,23.088,23.032,1582482.99,1323086.64,1319241.77,0.99
2021-02-02,23.38,24.1,23.28,22.91,2416168.75,-1.27,-5.17,23.362,22.84,22.84,1456659.24,1258838.8,1258838.8,1.25
2021-02-01,23.0,24.99,24.55,22.7,1475239.38,1.46,6.32,23.18,22.791,22.791,1198769.59,1130246.58,1130246.58,0.76
2021-01-29,22.81,23.54,23.09,22.71,1240258.38,0.28,1.23,22.768,22.571,22.571,1109394.76,1087122.49,1087122.49,0.64
2021-01-28,22.78,23.18,22.81,22.45,857476.94,-0.27,-1.17,22.556,22.497,22.497,1046229.96,1065245.93,1065245.93,0.44
2021-01-27,22.31,23.47,23.08,22.31,1294152.75,0.71,3.17,22.44,22.445,22.445,1063690.29,1099874.09,1099874.09,0.67
2021-01-26,22.3,23.32,22.37,22.3,1126720.5,-0.12,-0.53,22.318,22.318,22.318,1061018.36,1061018.36,1061018.36,0.58
2021-01-25,21.72,22.6,22.49,21.43,1028365.25,0.46,2.09,22.305,22.305,22.305,1044592.83,1044592.83,1044592.83,0.53
2021-01-22,22.23,22.23,22.03,21.51,924434.38,-0.2,-0.9,22.243,22.243,22.243,1050002.02,1050002.02,1050002.02,0.48
2021-01-21,22.5,22.8,22.23,22.15,944778.56,-0.24,-1.07,22.35,22.35,22.35,1112785.84,1112785.84,1112785.84,0.49
2021-01-20,22.15,22.97,22.47,22.12,1280793.12,0.13,0.58,22.47,22.47,22.47,1280793.12,1280793.12,1280793.12,0.66
